module,family,selected_units,winner,svd_relative_error,swd_relative_error,svd_mean_active_edges,swd_mean_active_edges,swd_best_sparsity,swd_error_over_svd,svd_edges_over_swd
h.0.attn.q_proj,attention,1,svd_omp,0.6955935955047607,0.8091884255409241,1536,720.12841796875,0.82,1.1633063196243674,2.1329529035009624
h.0.attn.q_proj,attention,2,svd_omp,0.5969769954681396,0.7480234503746033,3072,1160.537109375,0.82,1.2530188869137502,2.6470502107893874
h.0.attn.q_proj,attention,4,svd_omp,0.5259645581245422,0.6954526305198669,6144,1702.95361328125,0.82,1.3222423826420484,3.6078492990550366
h.0.attn.q_proj,attention,8,svd_omp,0.46746188402175903,0.6540858745574951,12288,2522.56494140625,0.82,1.399228251360595,4.871232370790751
h.0.attn.q_proj,attention,12,svd_omp,0.4350079894065857,0.6305134296417236,18432,3242.34130859375,0.82,1.4494295392179712,5.684780917772726
h.0.attn.q_proj,attention,16,svd_omp,0.4107830226421356,0.6120516061782837,24576,3945.43994140625,0.82,1.4899632468781177,6.2289631485913635
h.0.attn.q_proj,attention,24,svd_omp,0.37432268261909485,0.5814579129219055,36864,5315.4150390625,0.82,1.5533600818777749,6.935300391237528
h.0.attn.q_proj,attention,32,svd_omp,0.3468411862850189,0.5564594864845276,49152,6657.01171875,0.82,1.6043639235717915,7.383493086178518
h.0.attn.q_proj,attention,48,svd_omp,0.30506643652915955,0.5155383944511414,73728,9329.6357421875,0.82,1.6899217112068767,7.9025593321517125
h.0.attn.q_proj,attention,64,svd_omp,0.2729089558124542,0.4823903739452362,98304,11954.37890625,0.82,1.7675871885887824,8.223262853798671
h.0.attn.k_proj,attention,1,svd_omp,0.6864282488822937,0.8387247920036316,1536,594.892578125,0.82,1.221868117125601,2.5819787579821725
h.0.attn.k_proj,attention,2,svd_omp,0.6178520321846008,0.7678430676460266,3072,1126.39990234375,0.82,1.2427620654270368,2.7272729637209254
h.0.attn.k_proj,attention,4,svd_omp,0.5580863356590271,0.7199031114578247,6144,1778.59033203125,0.82,1.289949359909902,3.45442111617868
h.0.attn.k_proj,attention,8,svd_omp,0.5006617307662964,0.6774860620498657,12288,2638.69970703125,0.82,1.3531812407809318,4.656839111800634
h.0.attn.k_proj,attention,12,svd_omp,0.4665321409702301,0.6518297791481018,18432,3353.57080078125,0.82,1.397180862592907,5.496231060845971
h.0.attn.k_proj,attention,16,svd_omp,0.4418003559112549,0.6321312785148621,24576,4048.36181640625,0.82,1.4308075357047454,6.0706036452582275
h.0.attn.k_proj,attention,24,svd_omp,0.40397974848747253,0.6002875566482544,36864,5332.45849609375,0.81,1.4859347749380298,6.913133975070679
h.0.attn.k_proj,attention,32,svd_omp,0.3749043941497803,0.5740140080451965,49152,6595.71337890625,0.81,1.5310943723318131,7.452112785433188
h.0.attn.k_proj,attention,48,svd_omp,0.33023181557655334,0.5317086577415466,73728,9071.8466796875,0.81,1.6101073023906975,8.127121478483774
h.0.attn.k_proj,attention,64,svd_omp,0.29530689120292664,0.497479110956192,98304,11530.2783203125,0.81,1.68461734478908,8.525726549620332
h.0.attn.v_proj,attention,1,svd_omp,0.9025110602378845,0.9707516431808472,1536,197.19091796875,0.82,1.0756119076534927,7.789405393626795
h.0.attn.v_proj,attention,2,svd_omp,0.8485406041145325,0.9533208012580872,3072,381.58544921875,0.82,1.1234828323305692,8.050621443478907
h.0.attn.v_proj,attention,4,svd_omp,0.789298951625824,0.9299195408821106,6144,740.09765625,0.82,1.1781588445881395,8.301607156994695
h.0.attn.v_proj,attention,8,svd_omp,0.7309695482254028,0.8989468216896057,12288,1410.71875,0.82,1.229800644735484,8.710453447932126
h.0.attn.v_proj,attention,12,svd_omp,0.6944130659103394,0.8756344318389893,18432,2048.10595703125,0.82,1.2609705589152158,8.999534392604065
h.0.attn.v_proj,attention,16,svd_omp,0.6649500131607056,0.8560718297958374,24576,2688.57568359375,0.82,1.287422833073832,9.14089945466958
h.0.attn.v_proj,attention,24,svd_omp,0.6179632544517517,0.8233723044395447,36864,3961.5078125,0.82,1.3323968674642783,9.30554772192564
h.0.attn.v_proj,attention,32,svd_omp,0.5802933573722839,0.7877503037452698,49152,17651.517578125,0.3,1.3575035690782395,2.7845764412297678
h.0.attn.v_proj,attention,48,svd_omp,0.5206087827682495,0.7249799966812134,73728,26313.794921875,0.3,1.3925619787400711,2.801876362527586
h.0.attn.v_proj,attention,64,svd_omp,0.4734818637371063,0.6719966530799866,98304,34972.98046875,0.3,1.4192658780550518,2.81085565720769
h.0.attn.o_proj,attention,1,svd_omp,0.5719313621520996,0.927044153213501,1536,457.41943359375,0.82,1.6209010635911982,3.3579683922309576
h.0.attn.o_proj,attention,2,svd_omp,0.5301205515861511,0.8744007349014282,3072,854.2294921875,0.82,1.6494375331897075,3.596223296076165
h.0.attn.o_proj,attention,4,svd_omp,0.4883453845977783,0.7951445579528809,6144,1570.41357421875,0.82,1.6282421888921816,3.9123451941992538
h.0.attn.o_proj,attention,8,svd_omp,0.4428061544895172,0.6885770559310913,12288,2919.3291015625,0.82,1.5550304550868486,4.209186279622653
h.0.attn.o_proj,attention,12,svd_omp,0.41346409916877747,0.6211743354797363,18432,4233.16796875,0.82,1.502365832314188,4.354185833415614
h.0.attn.o_proj,attention,16,svd_omp,0.39098459482192993,0.5767204761505127,24576,5526.861328125,0.82,1.4750465460491464,4.4466467568017425
h.0.attn.o_proj,attention,24,svd_omp,0.3567609488964081,0.524878978729248,36864,8069.62646484375,0.82,1.4712343947758029,4.568241189428313
h.0.attn.o_proj,attention,32,svd_omp,0.3302977979183197,0.49532487988471985,49152,10567.833984375,0.82,1.499631190418079,4.651095018399547
h.0.attn.o_proj,attention,48,svd_omp,0.28924670815467834,0.4569888412952423,73728,15492.4892578125,0.82,1.5799275442431715,4.758951177766393
h.0.attn.o_proj,attention,64,svd_omp,0.2573910057544708,0.4278736412525177,98304,19450.59375,0.81,1.66234884547859,5.054035946846096
h.0.mlp.c_fc,mlp,1,svd_omp,0.6211985945701599,0.9281523823738098,3840,2103.451171875,0.76,1.4941314910991508,1.8255712570580156
h.0.mlp.c_fc,mlp,2,svd_omp,0.574826717376709,0.8842347860336304,7680,3935.3994140625,0.76,1.5382632005501455,1.9515172901019369
h.0.mlp.c_fc,mlp,4,svd_omp,0.5294962525367737,0.8404168486595154,15360,6579.17138671875,0.76,1.5872007490764029,2.3346405036669124
h.0.mlp.c_fc,mlp,8,svd_omp,0.48472166061401367,0.7826401591300964,30720,13526.837890625,0.69,1.6146176717968392,2.271040744954222
h.0.mlp.c_fc,mlp,12,svd_omp,0.45923084020614624,0.7458027601242065,46080,18497.416015625,0.69,1.6240258598255721,2.4911587629902274
h.0.mlp.c_fc,mlp,16,svd_omp,0.4410880506038666,0.7166961431503296,61440,34590.484375,0.45,1.6248369053959746,1.7762110334715426
h.0.mlp.c_fc,mlp,24,svd_omp,0.4144902229309082,0.6656435132026672,92160,49198.56640625,0.45,1.6059329662731852,1.8732253139045194
h.0.mlp.c_fc,mlp,32,svd_omp,0.3940790891647339,0.6275854706764221,122880,63394.55859375,0.45,1.5925368483940983,1.9383367078466354
h.0.mlp.c_fc,mlp,48,svd_omp,0.3623543381690979,0.569889485836029,184320,111385.546875,0.3,1.5727408942185257,1.6547927910867026
h.0.mlp.c_fc,mlp,64,svd_omp,0.33726438879966736,0.5232203602790833,245760,146122.546875,0.3,1.5513655685417544,1.6818759681915105
h.0.mlp.down_proj,mlp,1,svd_omp,0.7443422675132751,0.843005895614624,3840,2086.8720703125,0.69,1.1325514248048385,1.8400744610209752
h.0.mlp.down_proj,mlp,2,svd_omp,0.7011256217956543,0.7933539748191833,7680,3583.705078125,0.69,1.1315432643686916,2.1430334898032926
h.0.mlp.down_proj,mlp,4,svd_omp,0.6613072752952576,0.7473724484443665,15360,9383.07421875,0.45,1.1301439986588426,1.6369901422399957
h.0.mlp.down_proj,mlp,8,svd_omp,0.6233143210411072,0.7137209177017212,30720,20075.30078125,0.3,1.14504174476468,1.5302385919264518
h.0.mlp.down_proj,mlp,12,svd_omp,0.5986350178718567,0.6956675052642822,46080,28879.6484375,0.3,1.1620895612444715,1.5955872904659558
h.0.mlp.down_proj,mlp,16,svd_omp,0.5790573954582214,0.6806581616401672,61440,37589.53125,0.3,1.1754588871135077,1.6344976368919206
h.0.mlp.down_proj,mlp,24,svd_omp,0.5474666357040405,0.6550031304359436,92160,54930.5,0.3,1.1964256590606868,1.6777564376803416
h.0.mlp.down_proj,mlp,32,svd_omp,0.5216363072395325,0.6327383518218994,122880,72225.171875,0.3,1.2129875605674616,1.7013458993585815
h.0.mlp.down_proj,mlp,48,svd_omp,0.47923019528388977,0.5942016243934631,184320,106734.515625,0.3,1.2399085663654097,1.7269015455842613
h.0.mlp.down_proj,mlp,64,svd_omp,0.4443309009075165,0.5606581568717957,245760,141178.125,0.3,1.2618032095600114,1.7407796002390596
h.1.attn.q_proj,attention,1,svd_omp,0.5845237970352173,0.875429093837738,1536,360.626953125,0.82,1.497679133472463,4.259249029197199
h.1.attn.q_proj,attention,2,svd_omp,0.523529589176178,0.7930474281311035,3072,715.13037109375,0.82,1.5148091808507647,4.295720226930869
h.1.attn.q_proj,attention,4,svd_omp,0.4715411365032196,0.7077455520629883,6144,1347.1083984375,0.82,1.5009200624814543,4.560880183900847
h.1.attn.q_proj,attention,8,svd_omp,0.4162728190422058,0.6535521745681763,12288,2235.9267578125,0.82,1.5700092455518042,5.495707744927146
h.1.attn.q_proj,attention,12,svd_omp,0.3830491304397583,0.6268956661224365,18432,2947.2548828125,0.82,1.636593367025089,6.253955199969251
h.1.attn.q_proj,attention,16,svd_omp,0.3588389754295349,0.6066142320632935,24576,3614.306640625,0.82,1.690491483923028,6.799644425230678
h.1.attn.q_proj,attention,24,svd_omp,0.3233180046081543,0.5744190216064453,36864,4916.7353515625,0.82,1.7766379026822625,7.49765797101219
h.1.attn.q_proj,attention,32,svd_omp,0.29716676473617554,0.542607307434082,49152,15622.1728515625,0.45,1.8259353730751433,3.1462972831646727
h.1.attn.q_proj,attention,48,svd_omp,0.25845256447792053,0.48879823088645935,73728,22464.3515625,0.45,1.891249297037705,3.2819999186210653
h.1.attn.q_proj,attention,64,svd_omp,0.2295626848936081,0.4457865059375763,98304,29253.73046875,0.45,1.9418944596513068,3.3603919371928392
h.1.attn.k_proj,attention,1,svd_omp,0.3800346553325653,0.8866153955459595,1536,439.58154296875,0.82,2.3329856451383084,3.494232241022901
h.1.attn.k_proj,attention,2,svd_omp,0.3337048590183258,0.8001947999000549,3072,875.70068359375,0.82,2.3979117422923446,3.5080479638236124
h.1.attn.k_proj,attention,4,svd_omp,0.2972997725009918,0.683229386806488,6144,1668.49609375,0.82,2.298116076776375,3.6823580366862934
h.1.attn.k_proj,attention,8,svd_omp,0.26494836807250977,0.5942935943603516,12288,2643.22998046875,0.82,2.2430543682296173,4.648857682001945
h.1.attn.k_proj,attention,12,svd_omp,0.24547915160655975,0.5495769381523132,18432,3446.8017578125,0.82,2.2387927225410342,5.3475660322564655
h.1.attn.k_proj,attention,16,svd_omp,0.23127028346061707,0.5181540250778198,24576,4228.826171875,0.82,2.2404695377391888,5.811541785152961
h.1.attn.k_proj,attention,24,svd_omp,0.21017014980316162,0.47379761934280396,36864,5736.435546875,0.82,2.2543525795006905,6.426290280570163
h.1.attn.k_proj,attention,32,svd_omp,0.1941780000925064,0.4415664076805115,49152,7205.99658203125,0.82,2.274029022186598,6.820985749918975
h.1.attn.k_proj,attention,48,svd_omp,0.169885516166687,0.39409640431404114,73728,10093.19140625,0.82,2.3197763600245036,7.304726229044409
h.1.attn.k_proj,attention,64,svd_omp,0.151335209608078,0.3588435649871826,98304,12934.1806640625,0.82,2.3711835858720627,7.6003268048618455
h.1.attn.v_proj,attention,1,svd_omp,0.8964311480522156,0.9817295074462891,1536,549.556640625,0.45,1.0951532748269754,2.7949803286029575
h.1.attn.v_proj,attention,2,svd_omp,0.8519986271858215,0.9687896966934204,3072,1055.68115234375,0.45,1.1370789409524795,2.909969542583723
h.1.attn.v_proj,attention,4,svd_omp,0.7926415801048279,0.9480718970298767,6144,2376.12255859375,0.3,1.1960915511201078,2.5857252092401226
h.1.attn.v_proj,attention,8,svd_omp,0.7166175842285156,0.9147850871086121,12288,4622.31689453125,0.3,1.276531733579265,2.6584070889943017
h.1.attn.v_proj,attention,12,svd_omp,0.6666463613510132,0.8867648839950562,18432,6838.59912109375,0.3,1.3301878408185637,2.6952888557462376
h.1.attn.v_proj,attention,16,svd_omp,0.6285583972930908,0.8619053363800049,24576,9046.404296875,0.3,1.3712414631509673,2.716659480771776
h.1.attn.v_proj,attention,24,svd_omp,0.5705421566963196,0.8183625936508179,36864,13434.0205078125,0.3,1.4343595544095873,2.744077990543627
h.1.attn.v_proj,attention,32,svd_omp,0.5261749625205994,0.780389666557312,49152,17805.947265625,0.3,1.4831372112783878,2.7604260119813815
h.1.attn.v_proj,attention,48,svd_omp,0.4589943587779999,0.7154009938240051,73728,26515.3828125,0.3,1.5586269855879002,2.78057460159477
h.1.attn.v_proj,attention,64,svd_omp,0.4083840847015381,0.6604873538017273,98304,35189.1484375,0.3,1.6173190350560194,2.7935884886387425
h.1.attn.o_proj,attention,1,svd_omp,0.8359963297843933,0.9519584774971008,1536,474.58056640625,0.82,1.1387113119774277,3.2365421357880777
h.1.attn.o_proj,attention,2,svd_omp,0.7697177529335022,0.925656259059906,3072,872.4990234375,0.82,1.2025918013870673,3.5209208463028814
h.1.attn.o_proj,attention,4,svd_omp,0.7048034071922302,0.8929105401039124,6144,1584.53466796875,0.82,1.2668930527181421,3.8774790632231033
h.1.attn.o_proj,attention,8,svd_omp,0.6305164098739624,0.8522564172744751,12288,2913.0263671875,0.82,1.35167999425239,4.2182934347635
h.1.attn.o_proj,attention,12,svd_omp,0.5809710621833801,0.8229955434799194,18432,4200.5859375,0.82,1.416586121152013,4.387959269075185
h.1.attn.o_proj,attention,16,svd_omp,0.5429565906524658,0.7989697456359863,24576,5465.9560546875,0.82,1.4715168015105442,4.496194216366612
h.1.attn.o_proj,attention,24,svd_omp,0.4856335520744324,0.7532212734222412,36864,11883.84375,0.45,1.5510074833272558,3.1020266485748773
h.1.attn.o_proj,attention,32,svd_omp,0.4423970878124237,0.7117782831192017,49152,18924.822265625,0.3,1.6089126776101101,2.5972238634589226
h.1.attn.o_proj,attention,48,svd_omp,0.3781135678291321,0.6422921419143677,73728,27842.62109375,0.3,1.6986752038599597,2.6480265543875166
h.1.attn.o_proj,attention,64,svd_omp,0.33077019453048706,0.5857963562011719,98304,36666.55859375,0.3,1.7710070795002633,2.6810260839902336
h.1.mlp.c_fc,mlp,1,svd_omp,0.33716925978660583,0.9411104321479797,3840,1920.9091796875,0.76,2.7912106600216395,1.999053386076641
h.1.mlp.c_fc,mlp,2,svd_omp,0.30430981516838074,0.8910410404205322,7680,3771.77978515625,0.76,2.928071971413414,2.0361740179594943
h.1.mlp.c_fc,mlp,4,svd_omp,0.26990169286727905,0.81032794713974,15360,7153.66455078125,0.76,3.002307760767581,2.1471512804332624
h.1.mlp.c_fc,mlp,8,svd_omp,0.23926278948783875,0.703808605670929,30720,12548.408203125,0.76,2.941571512969016,2.4481192755866537
h.1.mlp.c_fc,mlp,12,svd_omp,0.22238311171531677,0.6370337605476379,46080,16686.1328125,0.76,2.8645779602325883,2.7615745672047103
h.1.mlp.c_fc,mlp,16,svd_omp,0.21036531031131744,0.5860608816146851,61440,20315.546875,0.76,2.7859197923240275,3.024284818815639
h.1.mlp.c_fc,mlp,24,svd_omp,0.19348827004432678,0.5049395561218262,92160,33774.609375,0.69,2.609664947679506,2.7286770063495367
h.1.mlp.c_fc,mlp,32,svd_omp,0.1814148873090744,0.4452107846736908,122880,42236.80078125,0.69,2.45410280973904,2.909311257649741
h.1.mlp.c_fc,mlp,48,svd_omp,0.1638735681772232,0.36455366015434265,184320,58393.1640625,0.69,2.22460317554135,3.156533867606774
h.1.mlp.c_fc,mlp,64,svd_omp,0.15072600543498993,0.31485414505004883,245760,74027.25,0.69,2.088917198736813,3.3198585655957773
h.1.mlp.down_proj,mlp,1,svd_omp,0.20458175241947174,0.9638116955757141,3840,1052.97802734375,0.76,4.71113226950724,3.6467997434731014
h.1.mlp.down_proj,mlp,2,svd_omp,0.19131973385810852,0.9298452734947205,7680,2040.73095703125,0.76,4.86016395038651,3.7633574252102626
h.1.mlp.down_proj,mlp,4,svd_omp,0.18185727298259735,0.8729148507118225,15360,3885.90869140625,0.76,4.799999672244922,3.9527434172524147
h.1.mlp.down_proj,mlp,8,svd_omp,0.17106197774410248,0.78005450963974,30720,7129.05029296875,0.76,4.560069513557539,4.309129370331216
h.1.mlp.down_proj,mlp,12,svd_omp,0.16368509829044342,0.7126204967498779,46080,10180.1455078125,0.76,4.353606432061406,4.526457894402103
h.1.mlp.down_proj,mlp,16,svd_omp,0.1577906757593155,0.6586176753044128,61440,13191.0693359375,0.76,4.173996163810269,4.6576966912465565
h.1.mlp.down_proj,mlp,24,svd_omp,0.1484093964099884,0.5774998068809509,92160,24846.4921875,0.69,3.8912617452171205,3.7091754966668775
h.1.mlp.down_proj,mlp,32,svd_omp,0.1408434808254242,0.5213338136672974,122880,32543.525390625,0.69,3.7015118528168993,3.7758662752437617
h.1.mlp.down_proj,mlp,48,svd_omp,0.12873119115829468,0.4414556324481964,184320,47869.3515625,0.69,3.429282588594704,3.850480401000314
h.1.mlp.down_proj,mlp,64,svd_omp,0.11900840699672699,0.38113486766815186,245760,63152.8203125,0.69,3.20258776070025,3.891512663787655
h.2.attn.q_proj,attention,1,svd_omp,0.7022663950920105,0.8986585140228271,1536,394.052734375,0.82,1.2796547297483678,3.8979554410051795
h.2.attn.q_proj,attention,2,svd_omp,0.6473848223686218,0.8732118606567383,3072,609.669921875,0.82,1.3488296767012098,5.038792123043015
h.2.attn.q_proj,attention,4,svd_omp,0.5939480066299438,0.8406466245651245,6144,990.93310546875,0.82,1.415353894922464,6.200216710989435
h.2.attn.q_proj,attention,8,svd_omp,0.530259370803833,0.7970278263092041,12288,1691.783203125,0.82,1.5030905066344615,7.263342003456504
h.2.attn.q_proj,attention,12,svd_omp,0.4862672984600067,0.7642413377761841,18432,2369.64013671875,0.82,1.57164863892043,7.778396269706532
h.2.attn.q_proj,attention,16,svd_omp,0.4521019458770752,0.7370333671569824,24576,3030.94482421875,0.82,1.6302371044370134,8.108362713707486
h.2.attn.q_proj,attention,24,svd_omp,0.4007696211338043,0.692308783531189,36864,4339.60986328125,0.82,1.7274482571124046,8.494772839355317
h.2.attn.q_proj,attention,32,svd_omp,0.3627881109714508,0.6556928157806396,49152,5628.00244140625,0.82,1.8073712890559377,8.733471691195385
h.2.attn.q_proj,attention,48,svd_omp,0.30791783332824707,0.5896446108818054,73728,27476.859375,0.3,1.9149414131309228,2.683276097670824
h.2.attn.q_proj,attention,64,svd_omp,0.2685251235961914,0.5309172868728638,98304,36142.2109375,0.3,1.9771605716538396,2.7199221478175515
h.2.attn.k_proj,attention,1,svd_omp,0.6495862007141113,0.8916488885879517,1536,432.017578125,0.82,1.3726413640063981,3.5554108855162685
h.2.attn.k_proj,attention,2,svd_omp,0.5941072702407837,0.832302987575531,3072,736.4833984375,0.82,1.4009304872472101,4.171173452813001
h.2.attn.k_proj,attention,4,svd_omp,0.5411444902420044,0.7717812657356262,6144,1298.8935546875,0.82,1.4262018363902755,4.730179757861822
h.2.attn.k_proj,attention,8,svd_omp,0.48539990186691284,0.7265980839729309,12288,2173.0244140625,0.82,1.496906120455191,5.654791506473417
h.2.attn.k_proj,attention,12,svd_omp,0.4493943750858307,0.699710488319397,18432,2877.3779296875,0.82,1.557007668789263,6.405832132729892
h.2.attn.k_proj,attention,16,svd_omp,0.4220128059387207,0.6777761578559875,24576,3550.01171875,0.82,1.606055902375639,6.922794048875279
h.2.attn.k_proj,attention,24,svd_omp,0.3803943395614624,0.6416924595832825,36864,4855.42724609375,0.82,1.686913796674939,7.592328775939858
h.2.attn.k_proj,attention,32,svd_omp,0.3486540913581848,0.6118271350860596,49152,6135.5732421875,0.82,1.7548256287562325,8.010987410603539
h.2.attn.k_proj,attention,48,svd_omp,0.3013691306114197,0.5574625134468079,73728,22764.4140625,0.45,1.849766471820867,3.238739191686586
h.2.attn.k_proj,attention,64,svd_omp,0.26617518067359924,0.5040602087974548,98304,29581.837890625,0.45,1.8937160388953214,3.323120096982015
h.2.attn.v_proj,attention,1,svd_omp,0.9446505308151245,0.9872329831123352,1536,589.92041015625,0.3,1.0450774661191022,2.603741070076157
h.2.attn.v_proj,attention,2,svd_omp,0.9099745154380798,0.9772692918777466,3072,1150.806640625,0.3,1.073952374817079,2.669431937177218
h.2.attn.v_proj,attention,4,svd_omp,0.869555652141571,0.9601356983184814,6144,2263.9404296875,0.3,1.1041681989575098,2.713852325543777
h.2.attn.v_proj,attention,8,svd_omp,0.8158062100410461,0.9312757253646851,12288,4467.53369140625,0.3,1.141540373071969,2.7505108744086706
h.2.attn.v_proj,attention,12,svd_omp,0.7763475179672241,0.9063392877578735,18432,6655.93505859375,0.3,1.1674401821120235,2.769257788385674
h.2.attn.v_proj,attention,16,svd_omp,0.7439323663711548,0.8838777542114258,24576,8842.130859375,0.3,1.1881157403097191,2.7794205255334954
h.2.attn.v_proj,attention,24,svd_omp,0.6915749311447144,0.8439413905143738,36864,13198.443359375,0.3,1.2203180776339857,2.7930566504128755
h.2.attn.v_proj,attention,32,svd_omp,0.6490182280540466,0.8086961507797241,49152,17546.970703125,0.3,1.2460299508142325,2.8011672687893845
h.2.attn.v_proj,attention,48,svd_omp,0.5801738500595093,0.747628927230835,73728,26221.3984375,0.3,1.2886291361703903,2.811749349514456
h.2.attn.v_proj,attention,64,svd_omp,0.5246496796607971,0.6953286528587341,98304,34874.71875,0.3,1.3253198845147232,2.8187754202318835
h.2.attn.o_proj,attention,1,svd_omp,0.6789780855178833,0.9475058317184448,1536,301.86767578125,0.82,1.395488090010659,5.088322212786607
h.2.attn.o_proj,attention,2,svd_omp,0.6485340595245361,0.9108577370643616,3072,593.06591796875,0.82,1.4044871255214328,5.179862654258731
h.2.attn.o_proj,attention,4,svd_omp,0.6146694421768188,0.8583489060401917,6144,1124.13330078125,0.82,1.3964398539162692,5.4655439846235705
h.2.attn.o_proj,attention,8,svd_omp,0.5744425654411316,0.7895399332046509,12288,2091.408203125,0.82,1.3744453853247096,5.875467056904131
h.2.attn.o_proj,attention,12,svd_omp,0.5460396409034729,0.7451064586639404,18432,3019.08837890625,0.82,1.364564773046684,6.105154167986798
h.2.attn.o_proj,attention,16,svd_omp,0.5232016444206238,0.7141253352165222,24576,3924.36328125,0.82,1.364914164226913,6.262417171575405
h.2.attn.o_proj,attention,24,svd_omp,0.48656392097473145,0.6722543835639954,36864,5697.25341796875,0.82,1.3816363165959182,6.470486266897212
h.2.attn.o_proj,attention,32,svd_omp,0.4569534361362457,0.6427741050720215,49152,7443.8203125,0.82,1.4066512126639776,6.603061054209186
h.2.attn.o_proj,attention,48,svd_omp,0.4091591238975525,0.5828241109848022,73728,27223.21875,0.3,1.4244436380471206,2.7082763679441837
h.2.attn.o_proj,attention,64,svd_omp,0.3705092668533325,0.5262418389320374,98304,35937.7578125,0.3,1.4203203158758029,2.735396028680664
h.2.mlp.c_fc,mlp,1,svd_omp,0.6704111099243164,0.9136822819709778,3840,2477.6484375,0.82,1.3628686464848778,1.5498566874461988
h.2.mlp.c_fc,mlp,2,svd_omp,0.6072930097579956,0.867646336555481,7680,4257.9775390625,0.81,1.4287112194840434,1.8036732062449874
h.2.mlp.c_fc,mlp,4,svd_omp,0.5547860264778137,0.8187788128852844,15360,6634.3408203125,0.81,1.4758461349206817,2.315226247191276
h.2.mlp.c_fc,mlp,8,svd_omp,0.50279700756073,0.7708761096000671,30720,15375.11328125,0.69,1.53317561164474,1.9980340592002752
h.2.mlp.c_fc,mlp,12,svd_omp,0.4708562195301056,0.7397692203521729,46080,20385.7578125,0.69,1.571114895945159,2.2604016207700153
h.2.mlp.c_fc,mlp,16,svd_omp,0.44736742973327637,0.7157163619995117,61440,30751.18359375,0.58,1.5998401189515001,1.9979718768446795
h.2.mlp.c_fc,mlp,24,svd_omp,0.413136750459671,0.6744129657745361,92160,50960.18359375,0.45,1.6324206573832023,1.8084707216655895
h.2.mlp.c_fc,mlp,32,svd_omp,0.3878030776977539,0.6384902596473694,122880,65247.58203125,0.45,1.6464290676542699,1.8832881798002452
h.2.mlp.c_fc,mlp,48,svd_omp,0.34994861483573914,0.5820256471633911,184320,93240.953125,0.45,1.6631745990381634,1.9768137692983283
h.2.mlp.c_fc,mlp,64,svd_omp,0.32112598419189453,0.5332199931144714,245760,147985.46875,0.3,1.6604697824634345,1.6607035952643154
h.2.mlp.down_proj,mlp,1,svd_omp,0.8799443244934082,0.9195259213447571,3840,1903.37890625,0.58,1.0449819332309875,2.017464829199717
h.2.mlp.down_proj,mlp,2,svd_omp,0.8149534463882446,0.8922385573387146,7680,5217.203125,0.3,1.0948337739940686,1.4720530935816305
h.2.mlp.down_proj,mlp,4,svd_omp,0.7783705592155457,0.8633915781974792,15360,9982.2646484375,0.3,1.1092294897016906,1.5387289899596344
h.2.mlp.down_proj,mlp,8,svd_omp,0.734557569026947,0.834053099155426,30720,18786.98828125,0.3,1.13544960167013,1.6351742780751888
h.2.mlp.down_proj,mlp,12,svd_omp,0.7039853930473328,0.8133295178413391,46080,27471.720703125,0.3,1.1553215817741471,1.6773612580721327
h.2.mlp.down_proj,mlp,16,svd_omp,0.6794600486755371,0.7960867285728455,61440,36131.890625,0.3,1.1716461183032723,1.7004368976332802
h.2.mlp.down_proj,mlp,24,svd_omp,0.6403422355651855,0.7670559287071228,92160,53414.59375,0.3,1.1978843282609586,1.7253711678748844
h.2.mlp.down_proj,mlp,32,svd_omp,0.6087941527366638,0.7415801286697388,122880,70680.90625,0.3,1.2181130934588855,1.7385176070800592
h.2.mlp.down_proj,mlp,48,svd_omp,0.558067798614502,0.6969200372695923,184320,83378.765625,0.45,1.2488089063726926,2.2106347895456744
h.2.mlp.down_proj,mlp,64,svd_omp,0.5170959234237671,0.6581377983093262,245760,139621.9375,0.3,1.272757661579887,1.7601818482142177
h.3.attn.q_proj,attention,1,svd_omp,0.6410724520683289,0.9102232456207275,1536,359.3955078125,0.82,1.4198445786962488,4.273843068737925
h.3.attn.q_proj,attention,2,svd_omp,0.5739336013793945,0.866378903388977,3072,662.88232421875,0.82,1.5095455315853927,4.63430670537271
h.3.attn.q_proj,attention,4,svd_omp,0.5222312808036804,0.8181709051132202,6144,1189.69189453125,0.82,1.5666830678049537,5.164362326281793
h.3.attn.q_proj,attention,8,svd_omp,0.4696454703807831,0.7616467475891113,12288,2038.66015625,0.82,1.6217483093610527,6.027488182534102
h.3.attn.q_proj,attention,12,svd_omp,0.4361802935600281,0.7254278063774109,18432,2793.810546875,0.82,1.6631375077874213,6.597440911165935
h.3.attn.q_proj,attention,16,svd_omp,0.4112493097782135,0.6982317566871643,24576,3498.8779296875,0.82,1.697830829342231,7.023966109670762
h.3.attn.q_proj,attention,24,svd_omp,0.37412816286087036,0.6566629409790039,36864,4845.1962890625,0.82,1.7551817964134437,7.608360487523786
h.3.attn.q_proj,attention,32,svd_omp,0.34610632061958313,0.6241101622581482,49152,6144.4091796875,0.82,1.8032324897762508,7.999467249428827
h.3.attn.q_proj,attention,48,svd_omp,0.3040532171726227,0.5633184909820557,73728,27187.96484375,0.3,1.8526970252784338,2.7117881174158085
h.3.attn.q_proj,attention,64,svd_omp,0.2721997797489166,0.5032816529273987,98304,35860.7421875,0.3,1.8489421754552384,2.7412706487225433
h.3.attn.k_proj,attention,1,svd_omp,0.5912752747535706,0.8990345597267151,1536,425.7060546875,0.82,1.5205008531794455,3.608123452995139
h.3.attn.k_proj,attention,2,svd_omp,0.5310125946998596,0.8379242420196533,3072,873.4267578125,0.82,1.5779743275077442,3.5171810028969497
h.3.attn.k_proj,attention,4,svd_omp,0.4835090935230255,0.7910517454147339,6144,1414.845703125,0.82,1.6360638424622778,4.342522994860581
h.3.attn.k_proj,attention,8,svd_omp,0.43201690912246704,0.7465419769287109,12288,2244.9833984375,0.82,1.7280387900675507,5.473537135531783
h.3.attn.k_proj,attention,12,svd_omp,0.4003697633743286,0.7155225276947021,18432,3002.39697265625,0.82,1.7871542587638396,6.139094919114919
h.3.attn.k_proj,attention,16,svd_omp,0.3772885203361511,0.6903115510940552,24576,3722.48291015625,0.82,1.829664868888699,6.60204508473309
h.3.attn.k_proj,attention,24,svd_omp,0.3434096872806549,0.6493063569068909,36864,5116.75244140625,0.82,1.8907630767452372,7.204569777831303
h.3.attn.k_proj,attention,32,svd_omp,0.31797167658805847,0.6158666610717773,49152,6469.73388671875,0.82,1.9368601243992258,7.597221286164582
h.3.attn.k_proj,attention,48,svd_omp,0.2796221673488617,0.5443443059921265,73728,27581.97265625,0.3,1.9467137071181937,2.673050289725867
h.3.attn.k_proj,attention,64,svd_omp,0.25038427114486694,0.4820730686187744,98304,36279.81640625,0.3,1.9253328750025889,2.7096057736131476
h.3.attn.v_proj,attention,1,svd_omp,0.9566754698753357,0.9803927540779114,1536,159.7900390625,0.82,1.0247913581453765,9.61261420932009
h.3.attn.v_proj,attention,2,svd_omp,0.9268627762794495,0.9713014364242554,3072,315.5458984375,0.82,1.047945242038081,9.73550920868163
h.3.attn.v_proj,attention,4,svd_omp,0.8874294757843018,0.954920768737793,6144,2236.59228515625,0.3,1.076052570705794,2.74703621253472
h.3.attn.v_proj,attention,8,svd_omp,0.8337734341621399,0.9244756102561951,12288,4432.96142578125,0.3,1.1087851595861913,2.7719618601992244
h.3.attn.v_proj,attention,12,svd_omp,0.7939513325691223,0.8993993997573853,18432,6612.833984375,0.3,1.132814270677079,2.787307233714271
h.3.attn.v_proj,attention,16,svd_omp,0.7611984014511108,0.8770642280578613,24576,8789.849609375,0.3,1.1522150156724837,2.795952273607497
h.3.attn.v_proj,attention,24,svd_omp,0.7077710628509521,0.8375979661941528,36864,13134.015625,0.3,1.1834306460909108,2.806757739029262
h.3.attn.v_proj,attention,32,svd_omp,0.6641598343849182,0.8029486536979675,49152,17461.7421875,0.3,1.2089690043385148,2.814839405611285
h.3.attn.v_proj,attention,48,svd_omp,0.5940211415290833,0.7430833578109741,73728,26114.8515625,0.3,1.2509375607376303,2.8232211017377864
h.3.attn.v_proj,attention,64,svd_omp,0.5379759073257446,0.6920764446258545,98304,34748.6875,0.3,1.2864450530250269,2.8289989370102107
h.3.attn.o_proj,attention,1,svd_omp,0.38680294156074524,0.9395595788955688,1536,261.49560546875,0.81,2.4290393839934548,5.8739036828041815
h.3.attn.o_proj,attention,2,svd_omp,0.3609370291233063,0.8896096348762512,3072,518.71923828125,0.81,2.4647225501829446,5.922278900198337
h.3.attn.o_proj,attention,4,svd_omp,0.3329731225967407,0.7972012162208557,6144,1266.4658203125,0.82,2.394190888452986,4.851295551335109
h.3.attn.o_proj,attention,8,svd_omp,0.3047013282775879,0.6538500785827637,12288,2526.2958984375,0.82,2.145872098027402,4.864038297176534
h.3.attn.o_proj,attention,12,svd_omp,0.2876419126987457,0.5716545581817627,18432,3775.4013671875,0.82,1.9873826898810474,4.882129926686706
h.3.attn.o_proj,attention,16,svd_omp,0.27459660172462463,0.5164378881454468,24576,5020.98583984375,0.82,1.8807147827100545,4.8946563053371985
h.3.attn.o_proj,attention,24,svd_omp,0.25423023104667664,0.44429051876068115,36864,7486.537109375,0.82,1.7475912165579925,4.924038906297163
h.3.attn.o_proj,attention,32,svd_omp,0.23811674118041992,0.39915722608566284,49152,9919.2275390625,0.82,1.676308957139739,4.955224568287857
h.3.attn.o_proj,attention,48,svd_omp,0.212635800242424,0.35072338581085205,73728,14715.201171875,0.82,1.6494089208449176,5.010329056249364
h.3.attn.o_proj,attention,64,svd_omp,0.1923394352197647,0.3250059187412262,98304,19474.66015625,0.82,1.6897518617015714,5.0477902675211155
h.3.mlp.c_fc,mlp,1,svd_omp,0.7430665493011475,0.8981484174728394,3840,2572.1904296875,0.82,1.2087052207067404,1.4928910222508402
h.3.mlp.c_fc,mlp,2,svd_omp,0.6724583506584167,0.8525017499923706,7680,5085.73291015625,0.82,1.2677391085376069,1.5101068293741846
h.3.mlp.c_fc,mlp,4,svd_omp,0.604576826095581,0.8139457106590271,15360,8399.46875,0.76,1.3463064998960872,1.828687082144332
h.3.mlp.c_fc,mlp,8,svd_omp,0.535921037197113,0.7848303318023682,30720,14067.650390625,0.69,1.4644514346872068,2.1837335409239698
h.3.mlp.c_fc,mlp,12,svd_omp,0.495816707611084,0.7623084187507629,46080,18470.6015625,0.69,1.5374802967485186,2.4947752699919676
h.3.mlp.c_fc,mlp,16,svd_omp,0.4677446186542511,0.7436687350273132,61440,22686.015625,0.69,1.5899033476150382,2.7082763679441837
h.3.mlp.c_fc,mlp,24,svd_omp,0.42875269055366516,0.7123809456825256,92160,30891.78515625,0.69,1.6615194758605485,2.98331739437707
h.3.mlp.c_fc,mlp,32,svd_omp,0.40111029148101807,0.6827415823936462,122880,50374.734375,0.58,1.702129306811755,2.4393180733273097
h.3.mlp.c_fc,mlp,48,svd_omp,0.36112672090530396,0.632007896900177,184320,90218.375,0.45,1.7501000627032097,2.0430427836901295
h.3.mlp.c_fc,mlp,64,svd_omp,0.33147895336151123,0.5830045342445374,245760,145431.890625,0.3,1.7587980423261205,1.6898631994938351
h.3.mlp.down_proj,mlp,1,svd_omp,0.7389957904815674,0.8295919299125671,3840,2742.357421875,0.3,1.1225935798253501,1.4002551123968814
h.3.mlp.down_proj,mlp,2,svd_omp,0.6485189199447632,0.7617371678352356,7680,5276.38037109375,0.3,1.174579714497945,1.4555432815409401
h.3.mlp.down_proj,mlp,4,svd_omp,0.567770779132843,0.6926600337028503,15360,7432.00048828125,0.58,1.219964216476147,2.0667382926332674
h.3.mlp.down_proj,mlp,8,svd_omp,0.501708984375,0.6365871429443359,30720,13638.2587890625,0.58,1.2688374391727495,2.2524869541731074
h.3.mlp.down_proj,mlp,12,svd_omp,0.4668565094470978,0.6142408847808838,46080,19229.23828125,0.58,1.3156952347271211,2.3963507719872386
h.3.mlp.down_proj,mlp,16,svd_omp,0.44347497820854187,0.5979810953140259,61440,24605.95703125,0.58,1.3483987252891374,2.4969563232988707
h.3.mlp.down_proj,mlp,24,svd_omp,0.411228209733963,0.5717056393623352,92160,35159.234375,0.58,1.3902393508757347,2.621217487759928
h.3.mlp.down_proj,mlp,32,svd_omp,0.3879331946372986,0.5496917963027954,122880,45604.51171875,0.58,1.4169754068525495,2.6944702479837908
h.3.mlp.down_proj,mlp,48,svd_omp,0.3532043397426605,0.5127598643302917,184320,66391.9921875,0.58,1.4517371578839633,2.7762384276624097
h.3.mlp.down_proj,mlp,64,svd_omp,0.32651397585868835,0.4817313253879547,245760,87101.921875,0.58,1.47537735290217,2.8215221284404066
