module,family,selected_units,svd_foba_relative_error,svd_relative_error,swd_relative_error,svd_error_over_foba,swd_error_over_foba,relative_error_reduction_vs_svd,fraction_inputs_improved,mean_accepted_swaps,swd_best_sparsity
h.0.attn.q_proj,attention,1,0.511630117893219,0.6916005611419678,0.8211830854415894,1.351758891735748,1.6050327311125503,0.260223101831471,0.638671875,0.55078125,0.82
h.0.attn.q_proj,attention,2,0.4697723388671875,0.5975781083106995,0.7615033388137817,1.2720589504092636,1.621005060983532,0.21387291078116566,0.71630859375,0.83837890625,0.82
h.0.attn.q_proj,attention,4,0.45126113295555115,0.5262913107872009,0.7018734216690063,1.1662677601774318,1.5553597915071058,0.14256396845964125,0.75634765625,0.90283203125,0.82
h.0.attn.q_proj,attention,8,0.4229264557361603,0.46759480237960815,0.6589826345443726,1.1056172912278486,1.5581494739961934,0.09552789384340654,0.6884765625,0.83349609375,0.82
h.0.attn.q_proj,attention,12,0.40299054980278015,0.435260146856308,0.6343365907669067,1.0800753195560548,1.5740731167947863,0.07413864395028325,0.541015625,0.66552734375,0.82
h.0.attn.q_proj,attention,16,0.38539209961891174,0.41124287247657776,0.6154578924179077,1.06707655108454,1.5969655138921959,0.06286011159777205,0.52099609375,0.58544921875,0.82
h.0.attn.q_proj,attention,24,0.35706931352615356,0.3746735751628876,0.5846367478370667,1.049302084973047,1.637320054371586,0.04698559707361438,0.41552734375,0.4453125,0.82
h.0.attn.q_proj,attention,32,0.33397790789604187,0.346981942653656,0.5593310594558716,1.0389368112386101,1.6747546655989471,0.03747755476311421,0.4375,0.38720703125,0.82
h.0.attn.q_proj,attention,48,0.2957022190093994,0.30457863211631775,0.518091082572937,1.0300180808133745,1.7520703236808264,0.02914325619378466,0.33984375,0.2314453125,0.82
h.0.attn.q_proj,attention,64,0.2654411196708679,0.27193912863731384,0.48430100083351135,1.0244800390177042,1.8245138561576948,0.023895086371010454,0.3271484375,0.189453125,0.76
h.0.attn.k_proj,attention,1,0.5373891592025757,0.6842256784439087,0.8355777859687805,1.2732405682675507,1.5548839638088026,0.2146024679682792,0.62060546875,0.4931640625,0.82
h.0.attn.k_proj,attention,2,0.5014045834541321,0.6170588135719299,0.7671068906784058,1.2306604964020593,1.529915991979718,0.1874282119856897,0.74072265625,0.88916015625,0.82
h.0.attn.k_proj,attention,4,0.4800375699996948,0.5581023693084717,0.7184175252914429,1.1626222699794653,1.496586038655057,0.13987541283063298,0.7431640625,0.94189453125,0.82
h.0.attn.k_proj,attention,8,0.4521908462047577,0.5009886026382446,0.6766050457954407,1.1079140739867845,1.4962820487725341,0.09740292728520006,0.60302734375,0.73095703125,0.82
h.0.attn.k_proj,attention,12,0.4306490123271942,0.4674386978149414,0.6519182324409485,1.0854284682761457,1.513804081235511,0.07870483479378554,0.68359375,0.67822265625,0.82
h.0.attn.k_proj,attention,16,0.41315656900405884,0.44278618693351746,0.6325770616531372,1.0717152289285459,1.5310831513050995,0.06691631040854351,0.6591796875,0.71435546875,0.82
h.0.attn.k_proj,attention,24,0.3853030800819397,0.4047510027885437,0.6015067100524902,1.050474350483957,1.561126139776957,0.04804910320818723,0.58447265625,0.4638671875,0.82
h.0.attn.k_proj,attention,32,0.35965168476104736,0.37517786026000977,0.5767439007759094,1.0431700341103032,1.6036179593016453,0.041383506713861706,0.55810546875,0.38623046875,0.82
h.0.attn.k_proj,attention,48,0.31845080852508545,0.32980653643608093,0.5359736084938049,1.0356592842818955,1.6830656231528596,0.03443148226747261,0.52783203125,0.33251953125,0.82
h.0.attn.k_proj,attention,64,0.28655341267585754,0.2945714592933655,0.5025830268859863,1.0279809845663146,1.7538895181628718,0.027219360072228582,0.45849609375,0.24462890625,0.3
h.0.attn.v_proj,attention,1,0.7652121186256409,0.9100473523139954,0.9634564518928528,1.1892746209358076,1.2590710842678088,0.15915131593985643,0.9404296875,0.64111328125,0.82
h.0.attn.v_proj,attention,2,0.7414920330047607,0.8574714064598083,0.9449431300163269,1.1564135126105974,1.2743806918425244,0.13525742384097073,0.96044921875,0.92822265625,0.82
h.0.attn.v_proj,attention,4,0.7169121503829956,0.8010242581367493,0.9211506843566895,1.1173255435952907,1.2848864172054884,0.10500569352219824,0.90087890625,1.11865234375,0.82
h.0.attn.v_proj,attention,8,0.6780105829238892,0.7425827383995056,0.8906095623970032,1.0952376808001316,1.313562921918255,0.0869561762434572,0.9111328125,1.1962890625,0.82
h.0.attn.v_proj,attention,12,0.6500711441040039,0.7047035098075867,0.8680081963539124,1.0840405949396243,1.3352510786343117,0.0775253208523109,0.919921875,1.36962890625,0.82
h.0.attn.v_proj,attention,16,0.6270727515220642,0.6740399599075317,0.8489301800727844,1.074899137733965,1.353798547317223,0.06968015426253171,0.95703125,1.353515625,0.82
h.0.attn.v_proj,attention,24,0.5874128937721252,0.6250890493392944,0.8164702653884888,1.064139136145324,1.389942703071175,0.06027326123692622,0.92431640625,1.43408203125,0.82
h.0.attn.v_proj,attention,32,0.5542773604393005,0.5859025716781616,0.789527177810669,1.057056653394243,1.4244261702930059,0.05397691146546624,0.92333984375,1.46923828125,0.82
h.0.attn.v_proj,attention,48,0.5004295706748962,0.5238526463508606,0.7274142503738403,1.0468059384348036,1.4535796703476673,0.04471309983662142,0.93994140625,1.37841796875,0.3
h.0.attn.v_proj,attention,64,0.4573422074317932,0.47509583830833435,0.6742412447929382,1.0388191393404005,1.4742598295904992,0.0373685253479723,0.84423828125,1.19140625,0.3
h.0.attn.o_proj,attention,1,0.5139021873474121,0.5465995073318481,0.9355849027633667,1.0636255707593083,1.820550536265543,0.05981951967729282,0.71435546875,0.39892578125,0.82
h.0.attn.o_proj,attention,2,0.47744646668434143,0.5108593702316284,0.8859024047851562,1.0699825129701452,1.8555010176059403,0.06540528664892109,0.8115234375,0.7724609375,0.82
h.0.attn.o_proj,attention,4,0.4490727186203003,0.4736269414424896,0.8090049028396606,1.0546776096700508,1.801500891270329,0.051842960511085834,0.8095703125,0.875,0.82
h.0.attn.o_proj,attention,8,0.4171156883239746,0.43167844414711,0.7015023827552795,1.0349129899228926,1.6817933307040256,0.03373519345379361,0.77783203125,0.75537109375,0.82
h.0.attn.o_proj,attention,12,0.3941524028778076,0.4038833677768707,0.6290284395217896,1.024688330777676,1.5959015724097882,0.02409350242033015,0.7529296875,0.607421875,0.82
h.0.attn.o_proj,attention,16,0.374939888715744,0.3823169469833374,0.5784220099449158,1.0196753092685378,1.5427059839542416,0.01929566116752579,0.736328125,0.541015625,0.82
h.0.attn.o_proj,attention,24,0.34427469968795776,0.3491585850715637,0.516333281993866,1.0141860130530433,1.4997712073000367,0.013987584989797575,0.7265625,0.45849609375,0.82
h.0.attn.o_proj,attention,32,0.31973370909690857,0.3233110308647156,0.48124298453330994,1.011188441087151,1.5051368399427953,0.011064644958878267,0.71630859375,0.39404296875,0.82
h.0.attn.o_proj,attention,48,0.2812969982624054,0.28321754932403564,0.440015971660614,1.006827485090469,1.5642398403773545,0.006781186639790104,0.69287109375,0.2685546875,0.82
h.0.attn.o_proj,attention,64,0.25084927678108215,0.25202223658561707,0.4119967520236969,1.0046759544997954,1.6424075736253736,0.004654191711120803,0.6826171875,0.2021484375,0.82
h.0.mlp.c_fc,mlp,1,0.5149661898612976,0.6062331199645996,0.9284748435020447,1.1772289752224008,1.8029821409287523,0.15054758161123138,0.556640625,0.4814453125,0.76
h.0.mlp.c_fc,mlp,2,0.48584821820259094,0.5628795027732849,0.8839709758758545,1.1585501020373674,1.8194385463553409,0.13685217562757912,0.66552734375,0.8994140625,0.76
h.0.mlp.c_fc,mlp,4,0.46985140442848206,0.5188542008399963,0.8361530900001526,1.104294242710885,1.7796117711241763,0.0944442510674125,0.7001953125,1.06396484375,0.69
h.0.mlp.c_fc,mlp,8,0.4475582242012024,0.4749821424484253,0.7779078483581543,1.0612745264510977,1.7381154144727353,0.057736735334635525,0.5927734375,0.91796875,0.69
h.0.mlp.c_fc,mlp,12,0.43048208951950073,0.45041629672050476,0.7378056049346924,1.0463067051715307,1.713905462961822,0.044257295631054294,0.5361328125,0.82666015625,0.58
h.0.mlp.c_fc,mlp,16,0.41688066720962524,0.43267861008644104,0.7064465880393982,1.037895599674983,1.6946014617755516,0.0365119571629845,0.490234375,0.74853515625,0.58
h.0.mlp.c_fc,mlp,24,0.3948715329170227,0.4061535596847534,0.6576971411705017,1.0285713854437348,1.6655977611551667,0.02777773701278785,0.4521484375,0.67236328125,0.45
h.0.mlp.c_fc,mlp,32,0.37694182991981506,0.3857012093067169,0.6189146041870117,1.0232380136446124,1.6419366466138032,0.022710272033231393,0.41357421875,0.60302734375,0.45
h.0.mlp.c_fc,mlp,48,0.3479487895965576,0.3538227379322052,0.5603205561637878,1.0168816461251622,1.6103535144165113,0.016601387378255672,0.373046875,0.51806640625,0.3
h.0.mlp.c_fc,mlp,64,0.32406002283096313,0.3286297619342804,0.5135997533798218,1.0141015206485402,1.5848908140320868,0.01390543289938273,0.36181640625,0.482421875,0.3
h.0.mlp.down_proj,mlp,1,0.6699168682098389,0.7406756281852722,0.8349745869636536,1.1056231949562874,1.246385374941945,0.09553272347950648,0.7138671875,0.4931640625,0.69
h.0.mlp.down_proj,mlp,2,0.6380872130393982,0.7010958790779114,0.7844283580780029,1.0987461662777793,1.229343484790329,0.08987168220327135,0.81591796875,1.048828125,0.69
h.0.mlp.down_proj,mlp,4,0.6140223741531372,0.6620979309082031,0.7406509518623352,1.0782960992608324,1.2062279536374303,0.0726109454671161,0.8359375,1.28369140625,0.58
h.0.mlp.down_proj,mlp,8,0.5888760089874268,0.6238517761230469,0.7081350088119507,1.0593941111572214,1.2025197121370081,0.05606422627018637,0.80517578125,1.26513671875,0.3
h.0.mlp.down_proj,mlp,12,0.5700690746307373,0.5988219976425171,0.6902339458465576,1.0504376123725085,1.210790019251013,0.04801580958110463,0.7490234375,1.1708984375,0.3
h.0.mlp.down_proj,mlp,16,0.5540982484817505,0.5788928270339966,0.6753336787223816,1.0447476212389846,1.2187977142552258,0.042831034337190044,0.712890625,1.11865234375,0.3
h.0.mlp.down_proj,mlp,24,0.5269665122032166,0.546760082244873,0.6498485803604126,1.0375613432415292,1.233187622574788,0.03620156387494233,0.69775390625,1.076171875,0.3
h.0.mlp.down_proj,mlp,32,0.5040637850761414,0.5204287767410278,0.6277158856391907,1.0324661127210606,1.245310423450419,0.03144520902046488,0.6845703125,1.02685546875,0.3
h.0.mlp.down_proj,mlp,48,0.4653358459472656,0.47739383578300476,0.5894395709037781,1.025912445690044,1.2666971092757306,0.025257950421504805,0.6552734375,0.94091796875,0.3
h.0.mlp.down_proj,mlp,64,0.4327510893344879,0.4421345293521881,0.5562344789505005,1.0216832267993379,1.2853450693929231,0.021223042750017185,0.63134765625,0.86865234375,0.3
h.1.attn.q_proj,attention,1,0.5085623860359192,0.5879035592079163,0.8600847125053406,1.1560106986881906,1.6912078756146818,0.1349561027983801,0.876953125,0.61572265625,0.82
h.1.attn.q_proj,attention,2,0.45899900794029236,0.5332463979721069,0.7656770944595337,1.161759369295789,1.6681454234409472,0.13923655239711208,0.9013671875,1.15283203125,0.82
h.1.attn.q_proj,attention,4,0.4286845922470093,0.4840344488620758,0.6869592070579529,1.1291155726520112,1.6024816834614037,0.11435106890674696,0.89404296875,1.189453125,0.82
h.1.attn.q_proj,attention,8,0.39724427461624146,0.4303463101387024,0.645878791809082,1.0833291695756704,1.625898302582295,0.07691952909226063,0.83447265625,0.90185546875,0.82
h.1.attn.q_proj,attention,12,0.37386593222618103,0.3964178264141083,0.6217843890190125,1.0603208055188185,1.6631212833878803,0.05688920297032496,0.78125,0.673828125,0.82
h.1.attn.q_proj,attention,16,0.3547767698764801,0.3712606728076935,0.6028324961662292,1.0464627459598115,1.699188186351978,0.04439980891741735,0.74853515625,0.5205078125,0.82
h.1.attn.q_proj,attention,24,0.3237449526786804,0.3342221975326538,0.5721704363822937,1.032362650806705,1.7673493645171285,0.03134814183893264,0.705078125,0.35498046875,0.82
h.1.attn.q_proj,attention,32,0.29924461245536804,0.3067857027053833,0.5432504415512085,1.0252004211141479,1.8154059219102352,0.024580970310918326,0.697265625,0.275390625,0.45
h.1.attn.q_proj,attention,48,0.26177382469177246,0.2661708891391754,0.4888802468776703,1.0167971891482286,1.8675673454108943,0.016519704546291702,0.66015625,0.19189453125,0.45
h.1.attn.q_proj,attention,64,0.23320159316062927,0.2359136939048767,0.44557833671569824,1.0116298551287313,1.9107002258290056,0.011496156494166798,0.66357421875,0.130859375,0.45
h.1.attn.k_proj,attention,1,0.32228365540504456,0.37593451142311096,0.888596773147583,1.1664709181439508,2.757188452609546,0.14271330348195366,0.83056640625,0.58203125,0.82
h.1.attn.k_proj,attention,2,0.2956673800945282,0.3360426127910614,0.8012610077857971,1.1365562636081965,2.7100081433725456,0.12014914525628029,0.80712890625,0.7080078125,0.82
h.1.attn.k_proj,attention,4,0.2790835499763489,0.3010864555835724,0.6761165261268616,1.0788398513960717,2.4226312377929817,0.07307836403526358,0.66552734375,0.494140625,0.82
h.1.attn.k_proj,attention,8,0.25851768255233765,0.2692265510559082,0.5677326321601868,1.0414241238658888,2.1961075410973008,0.03977642049630803,0.537109375,0.25537109375,0.82
h.1.attn.k_proj,attention,12,0.24213062226772308,0.24975241720676422,0.5290594696998596,1.0314780297826756,2.185016767994261,0.03051740209077225,0.4970703125,0.1826171875,0.82
h.1.attn.k_proj,attention,16,0.22936707735061646,0.23535144329071045,0.5022255182266235,1.0260907799376373,2.189614673682695,0.025427360276274125,0.47900390625,0.1513671875,0.82
h.1.attn.k_proj,attention,24,0.20990689098834991,0.21384359896183014,0.462803453207016,1.0187545437643528,2.2048035251625073,0.01840928600431435,0.4638671875,0.1123046875,0.82
h.1.attn.k_proj,attention,32,0.19490621984004974,0.19745215773582458,0.43309614062309265,1.0130623737809095,2.2220744980766343,0.012893948209880324,0.4521484375,0.0771484375,0.82
h.1.attn.k_proj,attention,48,0.1711283028125763,0.1725318282842636,0.3882308006286621,1.0082015975652168,2.2686533685422074,0.00813487856498496,0.43701171875,0.0458984375,0.82
h.1.attn.k_proj,attention,64,0.15254521369934082,0.15352919697761536,0.35436639189720154,1.0064504369190759,2.3230253070780735,0.00640909545314694,0.43701171875,0.0361328125,0.82
h.1.attn.v_proj,attention,1,0.7908428907394409,0.9104868173599243,0.9824068546295166,1.151286593103993,1.242227585444895,0.13140654465202106,0.95751953125,0.84228515625,0.45
h.1.attn.v_proj,attention,2,0.7527498602867126,0.8688357472419739,0.9698053598403931,1.1542157535719044,1.2883501027433029,0.13361085489836655,0.9677734375,1.486328125,0.45
h.1.attn.v_proj,attention,4,0.7177823185920715,0.810991108417511,0.9493223428726196,1.1298566256246996,1.322576940505742,0.11493195037281978,0.97216796875,1.61279296875,0.3
h.1.attn.v_proj,attention,8,0.6687957048416138,0.7343281507492065,0.9161122441291809,1.0979857457713673,1.3697938510925955,0.08924136415134376,0.9677734375,1.681640625,0.3
h.1.attn.v_proj,attention,12,0.6316432356834412,0.6825135350227356,0.888155460357666,1.0805364428295547,1.406103018576107,0.07453375900831016,0.955078125,1.708984375,0.3
h.1.attn.v_proj,attention,16,0.6011216640472412,0.6427215337753296,0.8633500933647156,1.0692037439609214,1.4362318728490648,0.06472456194789655,0.96337890625,1.74267578125,0.3
h.1.attn.v_proj,attention,24,0.5513827204704285,0.582610547542572,0.81989985704422,1.056635483689987,1.4869886679522677,0.053599831317612256,0.955078125,1.7705078125,0.3
h.1.attn.v_proj,attention,32,0.5119420289993286,0.536734402179718,0.7819973230361938,1.0484280871192584,1.527511473446966,0.0461911386333832,0.93310546875,1.70751953125,0.3
h.1.attn.v_proj,attention,48,0.450677752494812,0.46743983030319214,0.7171552777290344,1.0371930447322737,1.5912817390232503,0.03585932717267126,0.88720703125,1.564453125,0.3
h.1.attn.v_proj,attention,64,0.40354225039482117,0.41536304354667664,0.6625269651412964,1.0292925787579619,1.6417784370610202,0.02845894293079332,0.82421875,1.35107421875,0.3
h.1.attn.o_proj,attention,1,0.7881890535354614,0.831855297088623,0.9427066445350647,1.0554007231606357,1.1960412800793248,0.052492595414115106,0.9365234375,0.63427734375,0.82
h.1.attn.o_proj,attention,2,0.7263785600662231,0.7733550667762756,0.9116765856742859,1.0646722099090724,1.2550984235977027,0.06074377569655509,0.95166015625,1.15869140625,0.82
h.1.attn.o_proj,attention,4,0.6725960373878479,0.7117695808410645,0.8755943179130554,1.0582423048541205,1.3018130783428181,0.05503683285667682,0.9755859375,1.43505859375,0.82
h.1.attn.o_proj,attention,8,0.6103315949440002,0.6396146416664124,0.8351651430130005,1.0479789133726543,1.3683793366286885,0.04578232706824825,0.98779296875,1.609375,0.82
h.1.attn.o_proj,attention,12,0.5670637488365173,0.5908072590827942,0.8074923157691956,1.0418709718175303,1.423988603443584,0.040188250704870754,0.9794921875,1.61865234375,0.82
h.1.attn.o_proj,attention,16,0.5336365103721619,0.5529868006706238,0.7849281430244446,1.0362611813891198,1.470904122502844,0.034992318577939385,0.96728515625,1.533203125,0.82
h.1.attn.o_proj,attention,24,0.48218581080436707,0.49530744552612305,0.7478467226028442,1.027212818021059,1.5509513259117063,0.026491898799982705,0.94287109375,1.31201171875,0.82
h.1.attn.o_proj,attention,32,0.44217729568481445,0.45138949155807495,0.7098637819290161,1.0208337152611902,1.6053827024963523,0.020408529763204064,0.908203125,1.09033203125,0.3
h.1.attn.o_proj,attention,48,0.3814876675605774,0.3860149383544922,0.6401714086532593,1.0118674106108447,1.678092014734932,0.01172822692617459,0.84716796875,0.68359375,0.3
h.1.attn.o_proj,attention,64,0.33549612760543823,0.3377061188220978,0.5836802124977112,1.0065872331595391,1.7397524575429704,0.006544125479182594,0.81787109375,0.41845703125,0.3
h.1.mlp.c_fc,mlp,1,0.3059943914413452,0.33075374364852905,0.9389981031417847,1.0809143987592658,3.06867749673045,0.07485736044606661,0.7158203125,0.42529296875,0.76
h.1.mlp.c_fc,mlp,2,0.2783986032009125,0.30006685853004456,0.8887349367141724,1.077831767401127,3.1923110478855286,0.07221142459810348,0.70751953125,0.49755859375,0.76
h.1.mlp.c_fc,mlp,4,0.26127302646636963,0.2683938145637512,0.8095288276672363,1.0272542029833232,3.09840184658877,0.026531118494499406,0.53173828125,0.21728515625,0.76
h.1.mlp.c_fc,mlp,8,0.23638544976711273,0.2395438402891159,0.7021768689155579,1.01336118836889,2.9704741540028943,0.013185020822038984,0.47265625,0.10400390625,0.76
h.1.mlp.c_fc,mlp,12,0.22070518136024475,0.22306625545024872,0.6331818699836731,1.0106978643430673,2.8689035122839535,0.010584631392311028,0.458984375,0.0810546875,0.76
h.1.mlp.c_fc,mlp,16,0.209152489900589,0.21112999320030212,0.5799034237861633,1.0094548398666114,2.772634569455968,0.009366283159195854,0.46435546875,0.0693359375,0.76
h.1.mlp.c_fc,mlp,24,0.19262517988681793,0.19406668841838837,0.4989037811756134,1.0074834896061742,2.590023700269911,0.007427902971491318,0.4619140625,0.056640625,0.76
h.1.mlp.c_fc,mlp,32,0.18057222664356232,0.18175733089447021,0.43902555108070374,1.0065630483321626,2.431301641682202,0.0065202555796551875,0.46630859375,0.0517578125,0.76
h.1.mlp.c_fc,mlp,48,0.1630907505750656,0.16390612721443176,0.3585658669471741,1.0049995271742334,2.19856653846312,0.004974656245153253,0.46826171875,0.041015625,0.76
h.1.mlp.c_fc,mlp,64,0.15004189312458038,0.15055018663406372,0.3094872534275055,1.003387677260652,2.0626722776054085,0.003376239650362045,0.4560546875,0.025390625,0.69
h.1.mlp.down_proj,mlp,1,0.18274514377117157,0.1929289847612381,0.9634526371955872,1.05572701293129,5.2721107511453,0.052785438137611496,0.88916015625,0.57763671875,0.69
h.1.mlp.down_proj,mlp,2,0.171719491481781,0.18106018006801605,0.9282036423683167,1.054395039873654,5.405348189415042,0.051588861685248344,0.81982421875,0.97705078125,0.69
h.1.mlp.down_proj,mlp,4,0.1644108146429062,0.17257873713970184,0.8710028529167175,1.0496799587942927,5.297722384068843,0.047328672304420394,0.89111328125,1.30908203125,0.69
h.1.mlp.down_proj,mlp,8,0.15639860928058624,0.16270768642425537,0.7768056988716125,1.04033972662986,4.966832521368445,0.03877553225861996,0.9130859375,1.5068359375,0.69
h.1.mlp.down_proj,mlp,12,0.15064503252506256,0.1558694839477539,0.7080391049385071,1.0346805422994758,4.700049467749372,0.03351811586444042,0.91845703125,1.56884765625,0.69
h.1.mlp.down_proj,mlp,16,0.14588212966918945,0.15039709210395813,0.6533066034317017,1.0309493866384256,4.478318248528292,0.030020277464193446,0.91748046875,1.6015625,0.69
h.1.mlp.down_proj,mlp,24,0.1380966603755951,0.1416437327861786,0.5700056552886963,1.0256854322250528,4.127584647871974,0.025042212181304646,0.892578125,1.5703125,0.69
h.1.mlp.down_proj,mlp,32,0.1316516399383545,0.13456213474273682,0.509670615196228,1.0221075468998726,3.871357891438951,0.02162937448894342,0.88232421875,1.517578125,0.69
h.1.mlp.down_proj,mlp,48,0.12101764976978302,0.12315937131643295,0.4319975674152374,1.0176975965962338,3.569707131455987,0.017389838253941803,0.86865234375,1.443359375,0.69
h.1.mlp.down_proj,mlp,64,0.11226745694875717,0.11392898857593536,0.37842684984207153,1.014799761857406,3.3707617516873025,0.01458392326612079,0.84228515625,1.373046875,0.69
h.2.attn.q_proj,attention,1,0.6524484753608704,0.6983378529548645,0.8931432962417603,1.0703341019666153,1.3689100825130462,0.06571228725440448,0.83056640625,0.51708984375,0.82
h.2.attn.q_proj,attention,2,0.5959410071372986,0.6454041600227356,0.8613929748535156,1.0830000827146322,1.445433297150266,0.07663903635776781,0.865234375,1.13134765625,0.82
h.2.attn.q_proj,attention,4,0.5533558130264282,0.5938449501991272,0.8209655284881592,1.073170166861092,1.4836123686821194,0.06818132773398544,0.8984375,1.3564453125,0.82
h.2.attn.q_proj,attention,8,0.5016763210296631,0.5314704179763794,0.774690568447113,1.0593890835540445,1.544203973703808,0.05605974658036461,0.88427734375,1.3828125,0.82
h.2.attn.q_proj,attention,12,0.46585315465927124,0.48843270540237427,0.742510199546814,1.0484692451199946,1.5938717858203448,0.04622858071001168,0.84130859375,1.22412109375,0.82
h.2.attn.q_proj,attention,16,0.4374385178089142,0.4549857974052429,0.7163159251213074,1.0401137048566764,1.6375236655182133,0.038566653500834214,0.787109375,1.04638671875,0.82
h.2.attn.q_proj,attention,24,0.3938153386116028,0.4043228328227997,0.6737300753593445,1.0266812721115461,1.7107766237206046,0.025987882350938074,0.6962890625,0.72412109375,0.82
h.2.attn.q_proj,attention,32,0.35973024368286133,0.36655285954475403,0.6389576196670532,1.0189659223312553,1.7762132344656545,0.018612911301159052,0.63623046875,0.509765625,0.82
h.2.attn.q_proj,attention,48,0.3081432580947876,0.31149935722351074,0.5830450057983398,1.010891359913157,1.8921231942676158,0.010774016224743055,0.5830078125,0.2841796875,0.82
h.2.attn.q_proj,attention,64,0.2698907256126404,0.271708607673645,0.526424765586853,1.006735622563088,1.9505107646507356,0.006690557493077787,0.5625,0.162109375,0.3
h.2.attn.k_proj,attention,1,0.59751957654953,0.6369157433509827,0.8866375684738159,1.0659328469687168,1.4838636310358948,0.06185459727244136,0.951171875,0.5458984375,0.82
h.2.attn.k_proj,attention,2,0.5434057116508484,0.5857511758804321,0.8355691432952881,1.077926056575555,1.5376524857584897,0.07229258083167311,0.95166015625,1.05908203125,0.82
h.2.attn.k_proj,attention,4,0.5060310959815979,0.535823404788971,0.7893705368041992,1.0588744625457889,1.5599249593011277,0.05560098446820638,0.9462890625,1.1064453125,0.82
h.2.attn.k_proj,attention,8,0.4637751579284668,0.48235034942626953,0.7477858662605286,1.0400521485039693,1.61238879115614,0.038509750267408216,0.93505859375,0.92529296875,0.82
h.2.attn.k_proj,attention,12,0.4348905384540558,0.44740912318229675,0.7198861837387085,1.028785599182594,1.6553273067235543,0.027980173133707598,0.916015625,0.72119140625,0.82
h.2.attn.k_proj,attention,16,0.41149500012397766,0.4206162393093109,0.6969956755638123,1.0221660996672746,1.6938132306682152,0.0216854185190547,0.90771484375,0.57275390625,0.82
h.2.attn.k_proj,attention,24,0.3742508590221405,0.3796078562736511,0.6591799855232239,1.0143139210568752,1.7613319238479748,0.014111924089497463,0.875,0.3642578125,0.82
h.2.attn.k_proj,attention,32,0.3446406424045563,0.3482455611228943,0.6194619536399841,1.0104599350012422,1.7974141102976153,0.010351657338328102,0.875,0.26708984375,0.45
h.2.attn.k_proj,attention,48,0.29920732975006104,0.3012894093990326,0.5520380139350891,1.0069586518843332,1.8450016394859943,0.006910563677377746,0.8583984375,0.1796875,0.45
h.2.attn.k_proj,attention,64,0.26501891016960144,0.26617100834846497,0.49709758162498474,1.0043472300830392,1.8757060819051075,0.0043284134737741065,0.84326171875,0.09228515625,0.3
h.2.attn.v_proj,attention,1,0.8580957055091858,0.9445334672927856,0.9871899485588074,1.1007320759545214,1.1504427096194572,0.09151370997085695,0.9365234375,0.88232421875,0.3
h.2.attn.v_proj,attention,2,0.8316835165023804,0.9097391963005066,0.9770846366882324,1.093852623322856,1.174827464174512,0.0858000623866082,0.94775390625,1.498046875,0.3
h.2.attn.v_proj,attention,4,0.806031346321106,0.870189905166626,0.9599345922470093,1.0795980939678749,1.1909395293723373,0.07372937615638597,0.94970703125,1.5595703125,0.3
h.2.attn.v_proj,attention,8,0.7686475515365601,0.8173813819885254,0.9311258792877197,1.0634020499441446,1.2113820923859815,0.059621899306546045,0.962890625,1.6533203125,0.3
h.2.attn.v_proj,attention,12,0.7385921478271484,0.7783541083335876,0.9062473177909851,1.0538347999276925,1.2269928951411933,0.05108466709524706,0.97216796875,1.73388671875,0.3
h.2.attn.v_proj,attention,16,0.7124305367469788,0.7462174296379089,0.8838649392127991,1.0474248241031388,1.2406331475467138,0.045277544518525614,0.97216796875,1.767578125,0.3
h.2.attn.v_proj,attention,24,0.6675392389297485,0.6940576434135437,0.8441522717475891,1.039725611525566,1.2645732602940323,0.03820778394337854,0.97705078125,1.83056640625,0.3
h.2.attn.v_proj,attention,32,0.6295360922813416,0.65138840675354,0.8091699481010437,1.0347117738603502,1.285343220225447,0.033547287986147034,0.9765625,1.82373046875,0.3
h.2.attn.v_proj,attention,48,0.5662235617637634,0.5821846127510071,0.7484860420227051,1.0281886026387275,1.321891373949896,0.02741578983309545,0.970703125,1.7841796875,0.3
h.2.attn.v_proj,attention,64,0.5139808058738708,0.5263543725013733,0.6965332627296448,1.0240739858105496,1.3551736850277862,0.02350805326970118,0.96337890625,1.72021484375,0.3
h.2.attn.o_proj,attention,1,0.6669498682022095,0.6794012188911438,0.9545526504516602,1.0186690953586923,1.431220989704512,0.018326947822166484,0.5615234375,0.33740234375,0.82
h.2.attn.o_proj,attention,2,0.6302840113639832,0.6497992277145386,0.9201241731643677,1.0309625755987732,1.4598564402310445,0.03003268627941269,0.74755859375,0.8935546875,0.82
h.2.attn.o_proj,attention,4,0.6003408432006836,0.6162472367286682,0.8674482107162476,1.0264956044689224,1.4449261957448971,0.025811707671783313,0.7958984375,1.0419921875,0.82
h.2.attn.o_proj,attention,8,0.565337598323822,0.5766851902008057,0.7971134781837463,1.0200722398627444,1.4099778266068277,0.019677272920832878,0.76708984375,0.99755859375,0.82
h.2.attn.o_proj,attention,12,0.540413498878479,0.5488636493682861,0.7516268491744995,1.0156364533960454,1.3908365552199415,0.015395718954120619,0.705078125,0.85498046875,0.82
h.2.attn.o_proj,attention,16,0.5199461579322815,0.5264134407043457,0.7197308540344238,1.012438370153139,1.384241123920686,0.01228555783722185,0.662109375,0.7421875,0.82
h.2.attn.o_proj,attention,24,0.485859215259552,0.4901970624923706,0.67659991979599,1.0089281979153184,1.392584309499084,0.008849190590337619,0.61962890625,0.595703125,0.82
h.2.attn.o_proj,attention,32,0.45754098892211914,0.4607396125793457,0.6463292241096497,1.0069909007819429,1.4126149126710599,0.006942367380394776,0.5712890625,0.4970703125,0.82
h.2.attn.o_proj,attention,48,0.41130203008651733,0.4131181240081787,0.5885714888572693,1.004415475219705,1.4309958274056254,0.004396064505815311,0.54296875,0.3115234375,0.3
h.2.attn.o_proj,attention,64,0.37338289618492126,0.3744978606700897,0.5308290123939514,1.0029861155841917,1.4216746878814008,0.0029772252454886017,0.5087890625,0.22216796875,0.3
h.2.mlp.c_fc,mlp,1,0.6075414419174194,0.6630536317825317,0.9047468900680542,1.091371857185436,1.4891937037457812,0.08372202066954249,0.70849609375,0.6318359375,0.82
h.2.mlp.c_fc,mlp,2,0.5566262602806091,0.6057701706886292,0.8581097722053528,1.0882888823521286,1.5416264618431015,0.08112632940006614,0.74169921875,1.0947265625,0.82
h.2.mlp.c_fc,mlp,4,0.5196473598480225,0.5540111660957336,0.8082669377326965,1.0661290884990955,1.5554143062885657,0.06202728094793142,0.77294921875,1.158203125,0.82
h.2.mlp.c_fc,mlp,8,0.4808080792427063,0.5015954375267029,0.7592648267745972,1.04323421169781,1.5791432372984922,0.04144247879625096,0.68994140625,0.9873046875,0.76
h.2.mlp.c_fc,mlp,12,0.45571383833885193,0.4698411524295807,0.7324182391166687,1.0310004061808284,1.607188936343139,0.030068277369224572,0.603515625,0.7900390625,0.69
h.2.mlp.c_fc,mlp,16,0.43600380420684814,0.4462624490261078,0.7077096104621887,1.0235287965845197,1.6231730173767898,0.022987918525628537,0.54736328125,0.6279296875,0.58
h.2.mlp.c_fc,mlp,24,0.4052179157733917,0.4116533100605011,0.6680386066436768,1.0158813172779562,1.648590994227563,0.01563304394701348,0.49072265625,0.44140625,0.58
h.2.mlp.c_fc,mlp,32,0.3814219534397125,0.3859294056892395,0.6326048970222473,1.0118174955816732,1.6585434879071184,0.011679473455714073,0.439453125,0.3173828125,0.45
h.2.mlp.c_fc,mlp,48,0.34493929147720337,0.3475896120071411,0.574145495891571,1.0076834405224981,1.664482736752869,0.007624855399543162,0.40234375,0.21240234375,0.3
h.2.mlp.c_fc,mlp,64,0.3169810175895691,0.3185458779335022,0.5257729291915894,1.004936763582352,1.658689006646974,0.004912511673623943,0.3779296875,0.13671875,0.3
h.2.mlp.down_proj,mlp,1,0.8247541785240173,0.8702996969223022,0.9111116528511047,1.0552231435550812,1.1047069255006783,0.052333142892443285,0.82763671875,0.72705078125,0.58
h.2.mlp.down_proj,mlp,2,0.7535319328308105,0.8006854057312012,0.881769061088562,1.0625766086955972,1.1701814119223855,0.05889138550905537,0.890625,1.23779296875,0.58
h.2.mlp.down_proj,mlp,4,0.7253109812736511,0.7638209462165833,0.8505364060401917,1.053094418721344,1.1726506670926777,0.050417529309300324,0.9296875,1.47216796875,0.3
h.2.mlp.down_proj,mlp,8,0.6922420859336853,0.7208589315414429,0.8211112022399902,1.0413393611703912,1.1861619206993004,0.039698260444058,0.9462890625,1.59912109375,0.3
h.2.mlp.down_proj,mlp,12,0.667838990688324,0.6910487413406372,0.8005321025848389,1.034753512412313,1.1986902737735508,0.033586271508556975,0.947265625,1.63232421875,0.3
h.2.mlp.down_proj,mlp,16,0.6474878191947937,0.6671239137649536,0.7833846211433411,1.030326585285541,1.2098831791423452,0.0294339539701739,0.94580078125,1.64501953125,0.3
h.2.mlp.down_proj,mlp,24,0.6136989593505859,0.6288245320320129,0.7545439004898071,1.024646567263912,1.2295016782955976,0.024053725500418288,0.939453125,1.64208984375,0.3
h.2.mlp.down_proj,mlp,32,0.5854876637458801,0.5979022979736328,0.7294673323631287,1.0212039211011301,1.2459140944082132,0.020763650298430858,0.93310546875,1.626953125,0.3
h.2.mlp.down_proj,mlp,48,0.5390703678131104,0.5482089519500732,0.6856563687324524,1.016952488362579,1.2719236850543447,0.016669892208902026,0.90869140625,1.54736328125,0.3
h.2.mlp.down_proj,mlp,64,0.5009218454360962,0.5080111622810364,0.6472996473312378,1.0141525407796266,1.2922168462581363,0.013955041485915864,0.8740234375,1.4560546875,0.3
h.3.attn.q_proj,attention,1,0.5950304865837097,0.6370335221290588,0.888193666934967,1.0705897201780434,1.492685983258464,0.06593536146256296,0.75146484375,0.5029296875,0.82
h.3.attn.q_proj,attention,2,0.5372735857963562,0.5776402950286865,0.8517776727676392,1.0751325028802563,1.58537046168968,0.06988208679300267,0.8125,0.9580078125,0.82
h.3.attn.q_proj,attention,4,0.49841073155403137,0.5269129276275635,0.8090697526931763,1.0571861604678194,1.6232992218496547,0.054092800876728964,0.83740234375,1.09130859375,0.82
h.3.attn.q_proj,attention,8,0.4579353630542755,0.474852591753006,0.7629022002220154,1.0369423941970723,1.6659604428313053,0.0356262743271073,0.75146484375,0.91162109375,0.82
h.3.attn.q_proj,attention,12,0.4313167929649353,0.44159194827079773,0.7311636805534363,1.023822757364093,1.6951894581412172,0.023268438987844475,0.6455078125,0.62841796875,0.82
h.3.attn.q_proj,attention,16,0.40950238704681396,0.41666969656944275,0.7057429552078247,1.0175024853318118,1.7234159739516848,0.017201417769612815,0.59326171875,0.48876953125,0.82
h.3.attn.q_proj,attention,24,0.37521764636039734,0.3794242739677429,0.6651586294174194,1.0112111667672077,1.7727274712941756,0.011086870018503947,0.52392578125,0.306640625,0.82
h.3.attn.q_proj,attention,32,0.3483901619911194,0.35123610496520996,0.632641077041626,1.0081688385166374,1.8158982257878804,0.008102649283086905,0.50390625,0.234375,0.82
h.3.attn.q_proj,attention,48,0.3072027564048767,0.30874720215797424,0.5654251575469971,1.0050274475762258,1.8405601699803666,0.005002298781341841,0.48583984375,0.14697265625,0.3
h.3.attn.q_proj,attention,64,0.2756252586841583,0.2764692008495331,0.5052593350410461,1.0030619188147116,1.8331387241255264,0.0030525720868056494,0.453125,0.0849609375,0.3
h.3.attn.k_proj,attention,1,0.5356523394584656,0.5846037864685059,0.8895505666732788,1.0913866017266523,1.6606864212944494,0.08373439950799466,0.712890625,0.61279296875,0.82
h.3.attn.k_proj,attention,2,0.4823881983757019,0.5295902490615845,0.8218520879745483,1.0978507576363215,1.703715162895547,0.08912938025109596,0.77685546875,1.11669921875,0.82
h.3.attn.k_proj,attention,4,0.4505571722984314,0.48182475566864014,0.7744784355163574,1.0693975932304065,1.7189348724946572,0.06489409894852316,0.740234375,1.064453125,0.82
h.3.attn.k_proj,attention,8,0.41465482115745544,0.43120115995407104,0.7296673655509949,1.0399038862020913,1.7596982558027965,0.03837266763934033,0.56689453125,0.736328125,0.82
h.3.attn.k_proj,attention,12,0.38936948776245117,0.39986252784729004,0.699562132358551,1.0269487990575177,1.7966537038601853,0.026241618941713396,0.482421875,0.54150390625,0.82
h.3.attn.k_proj,attention,16,0.3695286214351654,0.37671154737472534,0.6752510666847229,1.019438077385354,1.8273308954045313,0.01906744295367957,0.4072265625,0.39599609375,0.82
h.3.attn.k_proj,attention,24,0.3382672965526581,0.34250083565711975,0.6359362006187439,1.0125153662432236,1.8799813257139615,0.012360667956734295,0.3505859375,0.25341796875,0.82
h.3.attn.k_proj,attention,32,0.31419822573661804,0.3169132173061371,0.6038946509361267,1.008641014961666,1.9220180175121409,0.008566987494549205,0.31005859375,0.16650390625,0.82
h.3.attn.k_proj,attention,48,0.27697232365608215,0.27846992015838623,0.5404606461524963,1.0054070258087,1.9513164312532139,0.005377947109879155,0.3037109375,0.11474609375,0.45
h.3.attn.k_proj,attention,64,0.2484176754951477,0.2492331564426422,0.4793619215488434,1.003282700982807,1.9296610862869403,0.0032719601161179668,0.2744140625,0.06640625,0.3
h.3.attn.v_proj,attention,1,0.9016358256340027,0.9558926820755005,0.9790167808532715,1.0601760210707534,1.0858228488922974,0.05676040570128804,0.8837890625,0.8974609375,0.82
h.3.attn.v_proj,attention,2,0.8689092397689819,0.9259666800498962,0.9706200957298279,1.065665592756367,1.1170557882292609,0.06161932336252074,0.904296875,1.47412109375,0.82
h.3.attn.v_proj,attention,4,0.837597668170929,0.8863338232040405,0.9533389806747437,1.0581856383859536,1.1381824674327954,0.054986229518956486,0.919921875,1.6298828125,0.3
h.3.attn.v_proj,attention,8,0.7943671941757202,0.8320299983024597,0.9226500391960144,1.0474123357596867,1.1614906128561964,0.04526616132060224,0.93994140625,1.7392578125,0.3
h.3.attn.v_proj,attention,12,0.7605926394462585,0.7919416427612305,0.897445023059845,1.0412165483718003,1.1799286194949512,0.03958499164871376,0.9580078125,1.81005859375,0.3
h.3.attn.v_proj,attention,16,0.7320404648780823,0.7591525912284851,0.8750109076499939,1.037036376609206,1.1953040161457777,0.0357136716170976,0.9599609375,1.84765625,0.3
h.3.attn.v_proj,attention,24,0.6842263340950012,0.7057655453681946,0.8353815674781799,1.0314796584111052,1.220914083324644,0.030518932830528644,0.958984375,1.87158203125,0.3
h.3.attn.v_proj,attention,32,0.6443470120429993,0.6623300909996033,0.800703227519989,1.027908997202588,1.2426584007602344,0.02715123350271398,0.953125,1.86376953125,0.3
h.3.attn.v_proj,attention,48,0.5795687437057495,0.592762291431427,0.7408285737037659,1.0227644224588757,1.278241074504682,0.022257737910110875,0.9267578125,1.787109375,0.3
h.3.attn.v_proj,attention,64,0.5267623066902161,0.5371979475021362,0.6898154616355896,1.019810910308845,1.3095383873798387,0.019426062330364147,0.9052734375,1.72216796875,0.3
h.3.attn.o_proj,attention,1,0.37162262201309204,0.37960878014564514,0.9284747242927551,1.0214899676701377,2.4984343505871003,0.02103786463919255,0.53271484375,0.27099609375,0.81
h.3.attn.o_proj,attention,2,0.34871840476989746,0.35695594549179077,0.8765263557434082,1.0236223285298889,2.5135649387986443,0.023077191530019636,0.57373046875,0.462890625,0.82
h.3.attn.o_proj,attention,4,0.3278345465660095,0.33229997754096985,0.7833840847015381,1.0136209896782833,2.389571486310103,0.013437951479878696,0.54052734375,0.3828125,0.82
h.3.attn.o_proj,attention,8,0.30330100655555725,0.3052091896533966,0.645513117313385,1.0062913839934449,2.1282920378147274,0.006252049946485316,0.47900390625,0.259765625,0.82
h.3.attn.o_proj,attention,12,0.28654733300209045,0.2876807451248169,0.5596048831939697,1.0039554097776864,1.9529230208884452,0.003939826150807124,0.4560546875,0.19873046875,0.82
h.3.attn.o_proj,attention,16,0.2734732925891876,0.27423515915870667,0.49861079454421997,1.0027858902136506,1.8232522445737858,0.002778150591106865,0.42529296875,0.14111328125,0.82
h.3.attn.o_proj,attention,24,0.2530396580696106,0.2534237504005432,0.41797104477882385,1.0015179135707928,1.6518005437070304,0.0015156130012500268,0.4150390625,0.08203125,0.82
h.3.attn.o_proj,attention,32,0.23679421842098236,0.23704800009727478,0.3794844150543213,1.0010717393270188,1.6025915564359705,0.001070591931542464,0.41796875,0.06103515625,0.82
h.3.attn.o_proj,attention,48,0.21128970384597778,0.2114100456237793,0.3417584002017975,1.0005695581734984,1.6174872413609254,0.0005692339616427677,0.4130859375,0.02490234375,0.82
h.3.attn.o_proj,attention,64,0.19109714031219482,0.19117717444896698,0.31876713037490845,1.000418813890367,1.6680894850343628,0.0004186385587235941,0.40625,0.013671875,0.82
h.3.mlp.c_fc,mlp,1,0.6863579154014587,0.7500576376914978,0.8892976641654968,1.0928083159830397,1.2956762706602374,0.08492643643506104,0.8330078125,0.7236328125,0.81
h.3.mlp.c_fc,mlp,2,0.6296842694282532,0.6825746893882751,0.841171145439148,1.0839951425307892,1.335861774350696,0.07748664106989156,0.7822265625,1.13720703125,0.81
h.3.mlp.c_fc,mlp,4,0.5798735618591309,0.6167348623275757,0.8070515394210815,1.0635678239067563,1.3917715731574243,0.05976847219132253,0.8125,1.228515625,0.76
h.3.mlp.c_fc,mlp,8,0.5249338150024414,0.5458005666732788,0.7798545360565186,1.0397512049604585,1.485624499257857,0.03823145842083453,0.7802734375,1.20654296875,0.76
h.3.mlp.c_fc,mlp,12,0.49179819226264954,0.5043479800224304,0.7599706053733826,1.0255181656972796,1.5452895462607008,0.024883192273760568,0.64892578125,0.91162109375,0.76
h.3.mlp.c_fc,mlp,16,0.4674776494503021,0.47548770904541016,0.7431645393371582,1.0171346364997917,1.5897327716331058,0.016845986642197386,0.54541015625,0.69384765625,0.76
h.3.mlp.c_fc,mlp,24,0.43113821744918823,0.43551549315452576,0.7122811675071716,1.0101528362093146,1.6520947080993058,0.010050792162712874,0.419921875,0.43994140625,0.69
h.3.mlp.c_fc,mlp,32,0.4044395983219147,0.4073167145252228,0.6825982332229614,1.0071138340935104,1.6877631074087995,0.007063584922267996,0.36962890625,0.30908203125,0.58
h.3.mlp.c_fc,mlp,48,0.3652634918689728,0.366729736328125,0.6332443356513977,1.0040142102668126,1.7336644634568488,0.003998160808646123,0.322265625,0.16650390625,0.58
h.3.mlp.c_fc,mlp,64,0.33583930134773254,0.3367272913455963,0.5868773460388184,1.0026440919639252,1.7474945418349286,0.0026371191782978975,0.29736328125,0.1181640625,0.3
h.3.mlp.down_proj,mlp,1,0.6708617806434631,0.7534312009811401,0.8431298732757568,1.1230796308868272,1.256786267458941,0.10959118792817801,0.7080078125,0.6416015625,0.3
h.3.mlp.down_proj,mlp,2,0.6101295351982117,0.6706806421279907,0.7703954577445984,1.0992430351861395,1.2626752407491983,0.09028306935720931,0.7294921875,1.0,0.3
h.3.mlp.down_proj,mlp,4,0.5561718344688416,0.5899041891098022,0.7129837870597839,1.0606509581219192,1.2819487483408825,0.05718276842865733,0.7568359375,1.09033203125,0.58
h.3.mlp.down_proj,mlp,8,0.5060195922851562,0.5223245024681091,0.668208658695221,1.0322218950245006,1.3205193413117227,0.031216054590409326,0.69140625,0.99658203125,0.58
h.3.mlp.down_proj,mlp,12,0.47711309790611267,0.48672667145729065,0.6465044021606445,1.0201494647566136,1.3550338588438102,0.019751482947080623,0.5576171875,0.763671875,0.58
h.3.mlp.down_proj,mlp,16,0.45650234818458557,0.46259254217147827,0.6295398473739624,1.0133409915876932,1.3790506223626469,0.013165352727703805,0.46337890625,0.5751953125,0.58
h.3.mlp.down_proj,mlp,24,0.42599931359291077,0.42942890524864197,0.6016651391983032,1.008050697609829,1.4123617574024085,0.007986401506310914,0.35498046875,0.36865234375,0.58
h.3.mlp.down_proj,mlp,32,0.4030870199203491,0.40545573830604553,0.5782971382141113,1.0058764442133723,1.434670702937505,0.005842113360123302,0.31640625,0.2880859375,0.58
h.3.mlp.down_proj,mlp,48,0.3682955801486969,0.3696230947971344,0.5391520857810974,1.0036044816174594,1.4639113658747094,0.0035915359919976853,0.26611328125,0.18310546875,0.58
h.3.mlp.down_proj,mlp,64,0.3409833014011383,0.34186336398124695,0.5061901211738586,1.002580955068745,1.484501203120115,0.0025743108880099674,0.2470703125,0.13525390625,0.58
