active_edges,bits_per_token,factor_a_nnz,factor_a_shape,factor_b_nnz,factor_b_shape,max_components,mean_active_edges,mean_components,method,min_components,objective_relative_error,per_token_error_target,relative_error,sparsity_requested,total_bits
,12249.34923030189,,,,,768,2931570.0,763.4296875,svd_omp_shared_dictionary,748,,0.0,0.00033295954926870763,,25086667.22365827
,12239.35711560796,,,,,768,2927178.75,762.2861328125,svd_omp_shared_dictionary,747,,0.00017601181754544495,0.00038932825555093586,,25066203.3727651
,12235.210548367064,,,,,768,2925390.0,761.8203125,svd_omp_shared_dictionary,746,,0.00030980159915651006,0.000415569607866928,,25057711.203055747
,12227.158394801461,,,,,768,2921926.875,760.91845703125,svd_omp_shared_dictionary,746,,0.0004005839796968018,0.0004648100002668798,,25041220.392553393
,12219.90179631723,,,,,768,2918812.5,760.107421875,svd_omp_shared_dictionary,746,,0.00046736859861300185,0.0005064227734692395,,25026358.878857687
,12212.483311066742,,,,,768,2915683.125,759.29248046875,svd_omp_shared_dictionary,745,,0.0005179686781044028,0.0005537120741792023,,25011165.82106469
,12206.574641255731,,,,,768,2913213.75,758.6494140625,svd_omp_shared_dictionary,745,,0.0005740470204746843,0.0005903294659219682,,24999064.865291737
,12199.889367170428,,,,,768,2910465.0,757.93359375,svd_omp_shared_dictionary,744,,0.0006361967347559233,0.0006359269609674811,,24985373.423965037
,12194.489677278361,,,,,768,2908280.625,757.36474609375,svd_omp_shared_dictionary,744,,0.0006697510761670741,0.0006732931942678988,,24974314.859066084
,12189.233473274377,,,,,768,2906171.25,756.8154296875,svd_omp_shared_dictionary,744,,0.000742262275665881,0.0007118957000784576,,24963550.153265923
,12184.67209375019,,,,,768,2904382.5,756.349609375,svd_omp_shared_dictionary,743,,0.0007814107347095548,0.0007480402709916234,,24954208.44800039
,12180.225925562823,,,,,768,2902642.5,755.896484375,svd_omp_shared_dictionary,743,,0.0008226239650554198,0.0007841995684430003,,24945102.695552662
,12172.012029926545,,,,,768,2899475.625,755.07177734375,svd_omp_shared_dictionary,742,,0.0008660108670442432,0.0008532350184395909,,24928280.637289565
,12168.697000726776,,,,,768,2898208.125,754.74169921875,svd_omp_shared_dictionary,742,,0.0009116860846476744,0.0008820544462651014,,24921491.457488436
,12164.94708818422,,,,,768,2896788.75,754.3720703125,svd_omp_shared_dictionary,742,,0.0009597703083993104,0.0009156213491223752,,24913811.636601284
,12158.489497314971,,,,,764,2894364.375,753.74072265625,svd_omp_shared_dictionary,741,,0.0010103905943029644,0.000974660215433687,,24900586.49050106
,12152.65359381689,,,,,762,2892191.25,753.1748046875,svd_omp_shared_dictionary,740,,0.0010636806995608368,0.0010305603500455618,,24888634.560136992
,12147.271719226304,,,,,762,2890198.125,752.65576171875,svd_omp_shared_dictionary,740,,0.001119781436008674,0.0010823553893715143,,24877612.48097547
,12142.106426571218,,,,,761,2888296.875,752.16064453125,svd_omp_shared_dictionary,739,,0.0011788410421918456,0.0011330241104587913,,24867033.961617853
,12134.931224756,,,,,760,2885670.0,751.4765625,svd_omp_shared_dictionary,738,,0.0012410155750654816,0.001205097301863134,,24852339.148300286
,12128.183569164394,,,,,760,2883211.875,750.83642578125,svd_omp_shared_dictionary,738,,0.0013064693223536995,0.0012736349599435925,,24838519.94964868
,12121.964406053958,,,,,759,2880960.0,750.25,svd_omp_shared_dictionary,737,,0.0013753752366575025,0.001337709603831172,,24825783.103598505
,12116.058195771226,,,,,758,2878830.0,749.6953125,svd_omp_shared_dictionary,736,,0.0014479153924584504,0.0013998632784932852,,24813687.18493947
,12108.676669761913,,,,,758,2876182.5,749.005859375,svd_omp_shared_dictionary,736,,0.0015242814672256392,0.0014778581680729985,,24798569.8196724
,12101.761149765245,,,,,758,2873711.25,748.3623046875,svd_omp_shared_dictionary,735,,0.0016046752478972772,0.0015524195041507483,,24784406.834719222
,12093.58017097948,,,,,758,2870805.0,747.60546875,svd_omp_shared_dictionary,734,,0.0016893091640751486,0.0016412624390795827,,24767652.190165974
,12085.732221736875,,,,,757,2868030.0,746.8828125,svd_omp_shared_dictionary,733,,0.0017784068493408723,0.0017278268933296204,,24751579.59011712
,12077.377241344615,,,,,757,2865090.0,746.1171875,svd_omp_shared_dictionary,733,,0.0018722037321771325,0.0018209125846624374,,24734468.59027377
,12069.308435175257,,,,,757,2862264.375,745.38134765625,svd_omp_shared_dictionary,732,,0.001970947658055351,0.0019124910468235612,,24717943.675238926
,12060.406271777561,,,,,756,2859161.25,744.5732421875,svd_omp_shared_dictionary,731,,0.0020748995443335334,0.0020147881004959345,,24699712.044600446
,12050.861458174006,,,,,756,2855848.125,743.71044921875,svd_omp_shared_dictionary,730,,0.0021843340696948124,0.0021258031483739614,,24680164.266340364
,12041.017770287643,,,,,755,2852448.75,742.8251953125,svd_omp_shared_dictionary,729,,0.0022995403999484048,0.00224208808504045,,24660004.393549092
,12031.495106262519,,,,,755,2849175.0,741.97265625,svd_omp_shared_dictionary,727,,0.002420822952110835,0.002356718061491847,,24640501.97762564
,12020.819684712582,,,,,754,2845522.5,741.021484375,svd_omp_shared_dictionary,726,,0.0025485021987863813,0.002486512064933777,,24618638.714291368
,12009.912614661162,,,,,754,2841806.25,740.0537109375,svd_omp_shared_dictionary,725,,0.0026829155149722234,0.0026210020296275616,,24596301.03482606
,11998.759843934307,,,,,753,2838024.375,739.06884765625,svd_omp_shared_dictionary,724,,0.0028244180695258725,0.0027598387096077204,,24573460.16037746
,11987.349727823863,,,,,753,2834173.125,738.06591796875,svd_omp_shared_dictionary,722,,0.002973383763650435,0.0029037543572485447,,24550092.24258327
,11975.314481441379,,,,,752,2830128.75,737.0126953125,svd_omp_shared_dictionary,721,,0.0031302062188775523,0.0030578370206058025,,24525444.057991944
,11962.375417116908,,,,,751,2825799.375,735.88525390625,svd_omp_shared_dictionary,720,,0.0032952998171586257,0.0032247339840978384,,24498944.854255427
,11949.183548099818,,,,,750,2821406.25,734.7412109375,svd_omp_shared_dictionary,718,,0.0034691007958126048,0.0033980640582740307,,24471927.906508427
,11935.553848564108,,,,,750,2816887.5,733.564453125,svd_omp_shared_dictionary,717,,0.0036520684002236074,0.0035787385422736406,,24444014.281859294
,11921.346755039862,,,,,749,2812198.125,732.34326171875,svd_omp_shared_dictionary,715,,0.0038446860973342257,0.003770706709474325,,24414918.154321637
,11906.792953057544,,,,,748,2807416.875,731.09814453125,svd_omp_shared_dictionary,714,,0.004047462853140981,0.003969450946897268,,24385111.96786185
,11891.202346707541,,,,,747,2802316.875,729.77001953125,svd_omp_shared_dictionary,712,,0.004260934477567582,0.004185372963547707,,24353182.406057045
,11875.309418216468,,,,,746,2797140.0,728.421875,svd_omp_shared_dictionary,711,,0.004485665040269538,0.004408123902976513,,24320633.688507326
,11859.012631559095,,,,,744,2791856.25,727.0458984375,svd_omp_shared_dictionary,709,,0.004722248361111345,0.004638961050659418,,24287257.869433027
,11841.466505370672,,,,,743,2786191.875,725.57080078125,svd_omp_shared_dictionary,707,,0.004971309579254457,0.004890973214060068,,24251323.402999137
,11823.555497446321,,,,,742,2780435.625,724.07177734375,svd_omp_shared_dictionary,705,,0.005233506805002288,0.0051520513370633125,,24214641.658770066
,11805.393823145474,,,,,741,2774623.125,722.55810546875,svd_omp_shared_dictionary,703,,0.005509532858766929,0.00541950948536396,,24177446.54980193
,11785.95691426348,,,,,739,2768430.0,720.9453125,svd_omp_shared_dictionary,701,,0.005800117101752628,0.005710522644221783,,24137639.760411605
,11765.534599498409,,,,,738,2761951.875,719.25830078125,svd_omp_shared_dictionary,699,,0.006106027363193261,0.006019159220159054,,24095814.85977274
,11744.975636901709,,,,,736,2755458.75,717.5673828125,svd_omp_shared_dictionary,696,,0.006428071969236427,0.006334273144602776,,24053710.1043747
,11723.301467755473,,,,,735,2748643.125,715.79248046875,svd_omp_shared_dictionary,694,,0.006767101878835006,0.006671092938631773,,24009321.40596321
,11700.665850230082,,,,,733,2741555.625,713.94677734375,svd_omp_shared_dictionary,692,,0.007124012932290173,0.0070268153212964535,,23962963.661271207
,11676.94662867237,,,,,731,2734160.625,712.02099609375,svd_omp_shared_dictionary,689,,0.007499748218387211,0.007405061274766922,,23914386.695521012
,11652.746751257668,,,,,730,2726649.375,710.06494140625,svd_omp_shared_dictionary,687,,0.007895300566379038,0.007796373218297958,,23864825.346575703
,11627.442437269676,,,,,728,2718828.75,708.0283203125,svd_omp_shared_dictionary,685,,0.008311715169402066,0.008211154490709305,,23813002.111528296
,11601.023973627785,,,,,726,2710698.75,705.9111328125,svd_omp_shared_dictionary,683,,0.008750092346256583,0.008650263771414757,,23758897.097989704
,11573.615668423126,,,,,725,2702300.625,703.72412109375,svd_omp_shared_dictionary,681,,0.009211590448849073,0.009112262167036533,,23702764.888930563
,11545.402686787327,,,,,723,2693692.5,701.482421875,svd_omp_shared_dictionary,679,,0.009697428922979196,0.009592772461473942,,23644984.702540446
,11527.905050988396,,,,,722,2688373.125,700.09716796875,svd_omp_shared_dictionary,678,,0.01,0.009893237613141537,,23609149.544424236
,11515.94798238982,,,,,721,2684745.0,699.15234375,svd_omp_shared_dictionary,677,,0.010208891530558985,0.010099951177835464,,23584661.46793435
,11485.208353138554,,,,,719,2675446.875,696.73095703125,svd_omp_shared_dictionary,674,,0.010747329741778678,0.010637598112225533,,23521706.70722776
,11453.198576960407,,,,,717,2665805.625,694.22021484375,svd_omp_shared_dictionary,671,,0.011314166306182311,0.011204772628843784,,23456150.685614914
,11420.308548799516,,,,,715,2655941.25,691.6513671875,svd_omp_shared_dictionary,669,,0.011910899012089448,0.011796451173722744,,23388791.90794141
,11385.784644111145,,,,,713,2645630.625,688.96630859375,svd_omp_shared_dictionary,666,,0.012539104644296483,0.01242522057145834,,23318086.951139625
,11350.464799455822,,,,,711,2635128.75,686.2314453125,svd_omp_shared_dictionary,663,,0.013200443150515455,0.013078314252197742,,23245751.909285523
,11313.277979870742,,,,,708,2624116.875,683.36376953125,svd_omp_shared_dictionary,660,,0.013896662027559554,0.013775506988167763,,23169593.30277528
,11274.812180099409,,,,,705,2612775.0,680.41015625,svd_omp_shared_dictionary,657,,0.014629600938865051,0.014505737461149693,,23090815.34484359
,11234.679824350924,,,,,702,2600992.5,677.341796875,svd_omp_shared_dictionary,654,,0.01540119657555108,0.015277198515832424,,23008624.280270692
,11228.073526344651,,,,,702,2599057.5,676.837890625,svd_omp_shared_dictionary,653,,0.01553072625698324,0.015405237674713135,,22995094.581953846
,11193.22832572943,,,,,699,2588874.375,674.18603515625,svd_omp_shared_dictionary,650,,0.016213487773861866,0.016085121780633926,,22923731.61109387
,11149.988301408739,,,,,696,2576287.5,670.908203125,svd_omp_shared_dictionary,646,,0.01706862090251335,0.016938745975494385,,22835176.041285098
,11105.110421522833,,,,,692,2563278.75,667.5205078125,svd_omp_shared_dictionary,643,,0.017968855534179862,0.01783653162419796,,22743266.143278763
,11058.465518189487,,,,,689,2549816.25,664.0146484375,svd_omp_shared_dictionary,638,,0.018916570416106827,0.018782325088977814,,22647737.38125207
,11010.10111818419,,,,,686,2535916.875,660.39501953125,svd_omp_shared_dictionary,634,,0.019914269755625838,0.019775157794356346,,22548687.09004122
,10959.68899474571,,,,,683,2521490.625,656.63818359375,svd_omp_shared_dictionary,630,,0.020964589837181087,0.020825032144784927,,22445443.061239213
,10955.110369917655,,,,,683,2520183.75,656.2978515625,svd_omp_shared_dictionary,630,,0.021061452513966482,0.020921524614095688,,22436066.037591357
,10907.48063187345,,,,,680,2506614.375,652.76416015625,svd_omp_shared_dictionary,625,,0.02207030598835154,0.021927526220679283,,22338520.334076826
,10853.249615583542,,,,,677,2491228.125,648.75732421875,svd_omp_shared_dictionary,620,,0.023234339913275476,0.023088868707418442,,22227455.212715093
,10796.9155390795,,,,,674,2475313.125,644.61279296875,svd_omp_shared_dictionary,616,,0.024459767412855257,0.0243108868598938,,22112083.024034817
,10738.256937975799,,,,,670,2458813.125,640.31591796875,svd_omp_shared_dictionary,611,,0.025749826512141857,0.025601381435990334,,21991950.208974436
,10700.372522073565,,,,,668,2448193.125,637.55029296875,svd_omp_shared_dictionary,607,,0.026592178770949722,0.02644418552517891,,21914362.92520666
,10677.6205702226,,,,,667,2441829.375,635.89306640625,svd_omp_shared_dictionary,605,,0.027107926016374313,0.026954181492328644,,21867766.927815884
,10614.441353644015,,,,,663,2424210.0,631.3046875,svd_omp_shared_dictionary,599,,0.028537654518282773,0.028383607044816017,,21738375.892262943
,10548.869036100361,,,,,659,2406001.875,626.56298828125,svd_omp_shared_dictionary,592,,0.03004278988045548,0.029886433854699135,,21604083.78593354
,10480.779725330585,,,,,655,2387176.875,621.66064453125,svd_omp_shared_dictionary,586,,0.031627309217825285,0.03146686404943466,,21464636.87747704
,10459.725673926854,,,,,654,2381371.875,620.14892578125,svd_omp_shared_dictionary,584,,0.03212290502793296,0.03195847198367119,,21421518.180202197
,10410.001916278423,,,,,651,2367693.75,616.5869140625,svd_omp_shared_dictionary,579,,0.03329539940665357,0.033131808042526245,,21319683.92453821
,10336.512961165763,,,,,647,2347552.5,611.341796875,svd_omp_shared_dictionary,571,,0.03505146814777988,0.03488374501466751,,21169178.544467483
,10260.2006911309,,,,,643,2326728.75,605.9189453125,svd_omp_shared_dictionary,564,,0.03690015561337007,0.03672841936349869,,21012891.015436083
,10229.280409347086,,,,,641,2318317.5,603.728515625,svd_omp_shared_dictionary,561,,0.0376536312849162,0.03748307749629021,,20949566.278342832
,10180.929226894976,,,,,639,2305192.5,600.310546875,svd_omp_shared_dictionary,557,,0.038846346707938725,0.03867014870047569,,20850543.05668091
,10098.658774621168,,,,,635,2282940.0,594.515625,svd_omp_shared_dictionary,550,,0.04089518397604292,0.04071589186787605,,20682053.170424152
,10013.075336526574,,,,,630,2259894.375,588.51416015625,svd_omp_shared_dictionary,542,,0.043052081190754994,0.042870618402957916,,20506778.289206423
,10007.776724229516,,,,,630,2258471.25,588.1435546875,svd_omp_shared_dictionary,542,,0.04318435754189944,0.04300526902079582,,20495926.73122205
,9924.192022555533,,,,,626,2236066.875,582.30908203125,svd_omp_shared_dictionary,535,,0.04532273765881974,0.04514213278889656,,20324745.262193732
,9832.144645558985,,,,,621,2211502.5,575.912109375,svd_omp_shared_dictionary,527,,0.04771315328029496,0.04752908647060394,,20136232.2341048
,9794.073554322275,,,,,619,2201373.75,573.2744140625,svd_omp_shared_dictionary,524,,0.04871508379888268,0.04852498322725296,,20058262.63925202
,9736.765274729209,,,,,616,2186161.875,569.31298828125,svd_omp_shared_dictionary,519,,0.050229644402469305,0.05003446340560913,,19940895.28264542
,9637.19136397831,,,,,611,2159827.5,562.455078125,svd_omp_shared_dictionary,511,,0.0528788605099487,0.05268865451216698,,19736967.91342758
,9586.8025018048,,,,,609,2146546.875,558.99658203125,svd_omp_shared_dictionary,507,,0.05424581005586592,0.0540466271340847,,19633771.52369623
,9534.433551905946,,,,,606,2132775.0,555.41015625,svd_omp_shared_dictionary,503,,0.05566780179501234,0.05546820908784866,,19526519.914303377
,9427.417437532851,,,,,601,2104730.625,548.10693359375,svd_omp_shared_dictionary,494,,0.058603837654666244,0.05840105563402176,,19307350.91206728
,9385.29815220376,,,,,598,2093728.125,545.24169921875,svd_omp_shared_dictionary,490,,0.05977653631284916,0.05956827104091644,,19221090.615713302
,9316.510224545276,,,,,595,2075801.25,540.5732421875,svd_omp_shared_dictionary,485,,0.061694726163270076,0.061489593237638474,,19080212.939868726
,9201.793364924277,,,,,589,2046016.875,532.81689453125,svd_omp_shared_dictionary,476,,0.06494863457219026,0.06473299860954285,,18845272.81136492
,9189.137282102143,,,,,588,2042739.375,531.96337890625,svd_omp_shared_dictionary,475,,0.0653072625698324,0.06509416550397873,,18819353.15374519
,9082.56687274087,,,,,582,2015206.875,524.79345703125,svd_omp_shared_dictionary,467,,0.06837416089064807,0.06815788894891739,,18601096.955373302
,8997.721308232305,,,,,577,1993368.75,519.1064453125,svd_omp_shared_dictionary,460,,0.07083798882681563,0.07062436640262604,,18427333.23925976
,8958.903827820553,,,,,575,1983401.25,516.5107421875,svd_omp_shared_dictionary,457,,0.07198035660478672,0.07176186889410019,,18347835.039376494
,8831.011608491928,,,,,568,1950665.625,507.98583984375,svd_omp_shared_dictionary,447,,0.07577675059498859,0.07554810494184494,,18085911.77419147
,8810.93674200085,,,,,567,1945541.25,506.6513671875,svd_omp_shared_dictionary,446,,0.07636871508379887,0.07614633440971375,,18044798.44761774
,8698.144143120679,,,,,561,1916820.0,499.171875,svd_omp_shared_dictionary,437,,0.07977337431464247,0.07954303920269012,,17813799.20511115
,8628.276960922343,,,,,557,1899088.125,494.55419921875,svd_omp_shared_dictionary,432,,0.08189944134078211,0.08166995644569397,,17670711.21596896
,8560.46916128414,,,,,554,1881920.625,490.08349609375,svd_omp_shared_dictionary,427,,0.08398078829689126,0.08374800533056259,,17531840.84230992
,8449.203497153921,,,,,548,1853838.75,482.7705078125,svd_omp_shared_dictionary,419,,0.08743016759776535,0.08719294518232346,,17303968.76217123
,8417.790019359623,,,,,546,1845930.0,480.7109375,svd_omp_shared_dictionary,417,,0.08841011005940017,0.08817350119352341,,17239633.95964851
,8273.621548107642,,,,,538,1809744.375,471.28759765625,svd_omp_shared_dictionary,406,,0.0929608938547486,0.09271851927042007,,16944376.93052445
,8269.968972834447,,,,,538,1808829.375,471.04931640625,svd_omp_shared_dictionary,406,,0.09307304348088125,0.09283311665058136,,16936896.45636495
,8117.261358284973,,,,,529,1770695.625,461.11865234375,svd_omp_shared_dictionary,395,,0.09798190972699704,0.09772974252700806,,16624151.261767624
,8101.412559185955,,,,,528,1766748.75,460.0908203125,svd_omp_shared_dictionary,394,,0.09849162011173183,0.09824188798666,,16591692.921212835
,7958.820912999638,,,,,521,1731331.875,450.86767578125,svd_omp_shared_dictionary,382,,0.10314967980736002,0.10289476066827774,,16299665.229823258
,7932.3953407745785,,,,,519,1724786.25,449.1630859375,svd_omp_shared_dictionary,380,,0.10402234636871507,0.10376513749361038,,16245545.657906337
,7795.102427974101,,,,,511,1690867.5,440.330078125,svd_omp_shared_dictionary,369,,0.10859000884965682,0.1083264872431755,,15964369.77249096
,7766.367467240162,,,,,510,1683787.5,438.486328125,svd_omp_shared_dictionary,366,,0.10955307262569831,0.10929101705551147,,15905520.572907852
,7625.711236931412,,,,,502,1649221.875,429.48486328125,svd_omp_shared_dictionary,355,,0.1143172721814613,0.11405131220817566,,15617456.613235531
,7603.17741710482,,,,,501,1643698.125,428.04638671875,svd_omp_shared_dictionary,353,,0.11508379888268155,0.11482194811105728,,15571307.350230671
,7450.635727620958,,,,,492,1606408.125,418.33544921875,svd_omp_shared_dictionary,341,,0.1203466033150766,0.12007711082696915,,15258901.970167723
,7443.147972619798,,,,,492,1604581.875,417.85986328125,svd_omp_shared_dictionary,340,,0.1206145251396648,0.1203363761305809,,15243567.047925346
,7285.615158946984,,,,,483,1566262.5,407.880859375,svd_omp_shared_dictionary,328,,0.12614525139664803,0.12586575746536255,,14920939.845523423
,7270.1425725362615,,,,,483,1562508.75,406.9033203125,svd_omp_shared_dictionary,326,,0.12669393393577782,0.12641379237174988,,14889251.988554263
,7130.756123841772,,,,,475,1528770.0,398.1171875,svd_omp_shared_dictionary,316,,0.1316759776536313,0.13139192759990692,,14603788.54162795
,7083.644420461733,,,,,472,1517398.125,395.15576171875,svd_omp_shared_dictionary,312,,0.1333760359991182,0.13309089839458466,,14507303.773105629
,6978.340388865898,,,,,467,1492036.875,388.55126953125,svd_omp_shared_dictionary,304,,0.1372067039106145,0.13691957294940948,,14291641.116397358
,6891.450920052435,,,,,462,1471170.0,383.1171875,svd_omp_shared_dictionary,298,,0.1404105660485335,0.14011327922344208,,14113691.484267388
,6828.7994433586955,,,,,458,1456156.875,379.20751953125,svd_omp_shared_dictionary,293,,0.14273743016759777,0.1424347311258316,,13985381.259998608
,6693.267424097623,,,,,451,1423773.75,370.7744140625,svd_omp_shared_dictionary,283,,0.14781611187035062,0.1475101262331009,,13707811.684551932
,6681.266157203716,,,,,450,1420912.5,370.029296875,svd_omp_shared_dictionary,282,,0.14826815642458102,0.1479617804288864,,13683233.08995321
,6535.922970782484,,,,,442,1386337.5,361.025390625,svd_omp_shared_dictionary,271,,0.15379888268156425,0.1534906029701233,,13385570.244162528
,6488.791160941898,,,,,440,1375156.875,358.11376953125,svd_omp_shared_dictionary,268,,0.1556122416094785,0.1553010195493698,,13289044.297609007
,6392.901426317315,,,,,435,1352456.25,352.2021484375,svd_omp_shared_dictionary,261,,0.15932960893854747,0.15901699662208557,,13092662.12109786
,6278.456455137686,,,,,429,1325445.0,345.16796875,svd_omp_shared_dictionary,253,,0.16381955547556137,0.16350185871124268,,12858278.820121981
,6252.222065229319,,,,,427,1319265.0,343.55859375,svd_omp_shared_dictionary,251,,0.16486033519553073,0.1645350605249405,,12804550.789589645
,6113.42770029538,,,,,420,1286649.375,335.06494140625,svd_omp_shared_dictionary,241,,0.17039106145251398,0.1700635701417923,,12520299.93020494
,6062.167835472609,,,,,418,1274636.25,331.9365234375,svd_omp_shared_dictionary,237,,0.17245974017622462,0.17212629318237305,,12415319.727047903
,5976.579400239536,,,,,414,1254616.875,326.72314453125,svd_omp_shared_dictionary,231,,0.1759217877094972,0.17559534311294556,,12240034.61169057
,5841.831050973083,,,,,407,1223197.5,318.541015625,svd_omp_shared_dictionary,221,,0.18145251396648043,0.18112146854400635,,11964069.992392873
,5839.639386984197,,,,,407,1222687.5,318.408203125,svd_omp_shared_dictionary,221,,0.18155562622124122,0.18121236562728882,,11959581.464543635
,5709.313940822611,,,,,401,1192415.625,310.52490234375,svd_omp_shared_dictionary,211,,0.1869832402234637,0.18664149940013885,,11692674.950804707
,5611.251035265294,,,,,396,1169711.25,304.6123046875,svd_omp_shared_dictionary,204,,0.19113124824904051,0.19077470898628235,,11491842.120223323
,5578.683576080622,,,,,394,1162185.0,302.65234375,svd_omp_shared_dictionary,202,,0.19251396648044694,0.1921570599079132,,11425143.963813113
,5449.732082999631,,,,,388,1132453.125,294.90966796875,svd_omp_shared_dictionary,193,,0.19804469273743017,0.19768305122852325,,11161051.305983244
,5376.675358835657,,,,,384,1115656.875,290.53564453125,svd_omp_shared_dictionary,188,,0.20121190853496337,0.20084817707538605,,11011431.134895425
,5322.677714125846,,,,,382,1103265.0,287.30859375,svd_omp_shared_dictionary,184,,0.2035754189944134,0.20320500433444977,,10900843.958529733
,5197.5121431176785,,,,,375,1074615.0,279.84765625,svd_omp_shared_dictionary,176,,0.20910614525139665,0.2087293565273285,,10644504.869105006
,5136.783476116393,,,,,372,1060751.25,276.2373046875,svd_omp_shared_dictionary,172,,0.21182424384907306,0.21143889427185059,,10520132.559086373
,5073.930121144406,,,,,369,1046428.125,272.50732421875,svd_omp_shared_dictionary,168,,0.2146368715083799,0.21426083147525787,,10391408.888103744
,4952.386141339064,,,,,363,1018803.75,265.3134765625,svd_omp_shared_dictionary,160,,0.22016759776536313,0.2197791337966919,,10142486.817462403
,4891.01107765974,,,,,360,1004891.25,261.6904296875,svd_omp_shared_dictionary,157,,0.22299629584018785,0.22259630262851715,,10016790.687047148
,4832.28818607237,,,,,357,991603.125,258.22998046875,svd_omp_shared_dictionary,153,,0.22569832402234635,0.2253086119890213,,9896526.205076214
,4714.310220648452,,,,,351,964976.25,251.2958984375,svd_omp_shared_dictionary,146,,0.2312290502793296,0.23082436621189117,,9654907.33188803
,4639.531912656479,,,,,348,948146.25,246.9130859375,svd_omp_shared_dictionary,141,,0.23475758513211492,0.23436038196086884,,9501761.35712047
,4597.938017397211,,,,,346,938801.25,244.4794921875,svd_omp_shared_dictionary,139,,0.23675977653631286,0.23633980751037598,,9416577.059629489
,4482.821143193232,,,,,340,912997.5,237.759765625,svd_omp_shared_dictionary,132,,0.2422905027932961,0.241879403591156,,9180817.70125974
,4383.51493644337,,,,,335,890808.75,231.9814453125,svd_omp_shared_dictionary,126,,0.24713918932787127,0.24671830236911774,,8977438.589836022
,4369.763475125198,,,,,334,887741.25,231.1826171875,svd_omp_shared_dictionary,126,,0.2478212290502793,0.24739576876163483,,8949275.597056406
,4258.024715034493,,,,,329,862863.75,224.7041015625,svd_omp_shared_dictionary,119,,0.25335195530726257,0.2529241740703583,,8720434.616390642
,4148.285688288867,,,,,323,838513.125,218.36279296875,svd_omp_shared_dictionary,113,,0.2588826815642458,0.25843310356140137,,8495689.0896156
,4122.554240343027,,,,,322,832815.0,216.87890625,svd_omp_shared_dictionary,112,,0.26017382512801235,0.2597377300262451,,8442991.08422252
,4039.7288399413915,,,,,318,814505.625,212.11083984375,svd_omp_shared_dictionary,108,,0.264413407821229,0.2639648914337158,,8273364.66419997
,3933.1178719372306,,,,,313,791008.125,205.99169921875,svd_omp_shared_dictionary,102,,0.26994413407821227,0.26947855949401855,,8055025.401727448
,3857.672842087119,,,,,309,774425.625,201.67333984375,svd_omp_shared_dictionary,98,,0.2738959347800523,0.2734251916408539,,7900513.98059442
,3827.5850165194006,,,,,307,767823.75,199.9541015625,svd_omp_shared_dictionary,96,,0.2754748603351955,0.2750113308429718,,7838894.113831732
,3723.856739469091,,,,,302,745111.875,194.03955078125,svd_omp_shared_dictionary,91,,0.2810055865921788,0.28053557872772217,,7626458.602432698
,3622.0239641739126,,,,,297,722889.375,188.25244140625,svd_omp_shared_dictionary,86,,0.28653631284916203,0.2860415279865265,,7417905.078628173
,3588.743264442132,,,,,295,715642.5,186.365234375,svd_omp_shared_dictionary,84,,0.2883417770874043,0.2878600060939789,,7349746.205577486
,3521.2254238201817,,,,,291,700965.0,182.54296875,svd_omp_shared_dictionary,81,,0.29206703910614523,0.2915797829627991,,7211469.667983732
,3422.1265678482573,,,,,286,679481.25,176.9482421875,svd_omp_shared_dictionary,76,,0.2975977653631285,0.2971014082431793,,7008515.210953231
,3324.8876621084555,,,,,281,658470.0,171.4765625,svd_omp_shared_dictionary,72,,0.30312849162011174,0.30260518193244934,,6809369.931998117
,3317.4079787292007,,,,,281,656857.5,171.056640625,svd_omp_shared_dictionary,71,,0.30354952321832496,0.30303293466567993,,6794051.540437403
,3228.6713348470203,,,,,276,637749.375,166.08056640625,svd_omp_shared_dictionary,67,,0.30865921787709494,0.30813872814178467,,6612318.8937666975
,3134.38448046949,,,,,271,617510.625,160.81005859375,svd_omp_shared_dictionary,63,,0.3141899441340782,0.3136504888534546,,6419219.416001515
,3043.9553869084025,,,,,267,598162.5,155.771484375,svd_omp_shared_dictionary,59,,0.3195593575680211,0.31902098655700684,,6234020.632388408
,3041.057827430657,,,,,266,597543.75,155.6103515625,svd_omp_shared_dictionary,59,,0.31972067039106145,0.3191925585269928,,6228086.430577986
,2949.8266295641365,,,,,262,578090.625,150.54443359375,svd_omp_shared_dictionary,55,,0.3252513966480447,0.3247002363204956,,6041244.937347352
,2859.907291480849,,,,,257,558978.75,145.5673828125,svd_omp_shared_dictionary,52,,0.33078212290502795,0.3302147090435028,,5857090.132952779
,2771.59642882867,,,,,252,540271.875,140.69580078125,svd_omp_shared_dictionary,49,,0.33631284916201115,0.33572277426719666,,5676229.486241116
,2770.0270591563412,,,,,252,539940.0,140.609375,svd_omp_shared_dictionary,49,,0.33641358394043297,0.3358207941055298,,5673015.417152187
,2684.4567022235424,,,,,247,521874.375,135.90478515625,svd_omp_shared_dictionary,46,,0.3418435754189944,0.3412551283836365,,5497767.326153815
,2598.9377988616952,,,,,242,503880.0,131.21875,svd_omp_shared_dictionary,43,,0.34737430167597766,0.3467763662338257,,5322624.612068752
,2514.9766503659616,,,,,237,486271.875,126.63330078125,svd_omp_shared_dictionary,40,,0.35290502793296086,0.3522939682006836,,5150672.179949489
,2496.297191090855,,,,,236,482362.5,125.615234375,svd_omp_shared_dictionary,40,,0.35415673733026737,0.35353344678878784,,5112416.647354071
,2432.444015637505,,,,,232,469021.875,122.14111328125,svd_omp_shared_dictionary,38,,0.3584357541899441,0.35781019926071167,,4981645.34402561
,2351.436787942763,,,,,227,452146.875,117.74658203125,svd_omp_shared_dictionary,35,,0.36396648044692737,0.36332324147224426,,4815742.541706779
,2271.8212427275917,,,,,222,435618.75,113.4423828125,svd_omp_shared_dictionary,33,,0.3694972067039106,0.36883780360221863,,4652689.905106108
,2224.5666950330065,,,,,219,425835.0,110.89453125,svd_omp_shared_dictionary,31,,0.3728357016006489,0.37216562032699585,,4555912.591427597
,2193.9569457692332,,,,,217,419508.75,109.2470703125,svd_omp_shared_dictionary,31,,0.3750279329608939,0.3743366599082947,,4493223.82493539
,2117.0543650556474,,,,,213,403651.875,105.11767578125,svd_omp_shared_dictionary,28,,0.38055865921787707,0.3798675537109375,,4335727.339633966
,2041.7275213555088,,,,,208,388173.75,101.0869140625,svd_omp_shared_dictionary,26,,0.3860893854748603,0.3853905498981476,,4181457.963736082
,1968.1380426972305,,,,,203,373104.375,97.16259765625,svd_omp_shared_dictionary,25,,0.3916201117318436,0.39089491963386536,,4030746.711443928
,1956.4805469677556,,,,,202,370723.125,96.54248046875,svd_omp_shared_dictionary,24,,0.3924998333673325,0.39178237318992615,,4006872.1601899634
,1896.007568229603,,,,,199,358385.625,93.32958984375,svd_omp_shared_dictionary,23,,0.3971508379888268,0.3964039087295532,,3883023.499734227
,1825.2223548083314,,,,,194,343993.125,89.58154296875,svd_omp_shared_dictionary,21,,0.40268156424581003,0.40192461013793945,,3738055.3826474627
,1756.0981534862462,,,,,190,329986.875,85.93408203125,svd_omp_shared_dictionary,20,,0.4082122905027933,0.4074273705482483,,3596489.0183398323
,1694.9936781721578,,,,,186,317647.5,82.720703125,svd_omp_shared_dictionary,18,,0.41320109241683073,0.4123874604701996,,3471347.0528965793
,1688.2969701749425,,,,,185,316297.5,82.369140625,svd_omp_shared_dictionary,18,,0.41374301675977654,0.412935733795166,,3457632.1949182823
,1621.8339353823014,,,,,181,302926.875,78.88720703125,svd_omp_shared_dictionary,17,,0.4192737430167598,0.4184614419937134,,3321515.8996629533
,1557.1534170981897,,,,,176,289961.25,75.5107421875,svd_omp_shared_dictionary,16,,0.424804469273743,0.4239439070224762,,3189050.1982170925
,1493.5692242677553,,,,,172,277261.875,72.20361328125,svd_omp_shared_dictionary,15,,0.43033519553072624,0.429468035697937,,3058829.771300363
,1441.3891956404175,,,,,168,266876.25,69.4990234375,svd_omp_shared_dictionary,14,,0.4349941790030646,0.4340977370738983,,2951965.072671575
,1431.6768919606768,,,,,168,264946.875,68.99658203125,svd_omp_shared_dictionary,14,,0.4358659217877095,0.434962660074234,,2932074.274735466
,1371.25501127318,,,,,163,252967.5,65.876953125,svd_omp_shared_dictionary,13,,0.4413966480446927,0.44045454263687134,,2808330.2630874724
,1311.8811483933332,,,,,159,241241.25,62.8232421875,svd_omp_shared_dictionary,12,,0.44692737430167595,0.4459821581840515,,2686732.5919095464
,1254.4378006695583,,,,,155,229938.75,59.8798828125,svd_omp_shared_dictionary,11,,0.4524581005586592,0.4514656960964203,,2569088.6157712555
,1198.8612435396742,,,,,151,219045.0,57.04296875,svd_omp_shared_dictionary,10,,0.45793667838532265,0.4569030702114105,,2455267.826769253
,1198.2958238354545,,,,,151,218934.375,57.01416015625,svd_omp_shared_dictionary,10,,0.45798882681564246,0.45695820450782776,,2454109.847215011
,1143.3862133336672,,,,,147,208213.125,54.22216796875,svd_omp_shared_dictionary,10,,0.4635195530726257,0.46247124671936035,,2341654.9649073505
,1090.3307475757272,,,,,143,197895.0,51.53515625,svd_omp_shared_dictionary,9,,0.4690502793296089,0.46794775128364563,,2232997.3710350893
,1038.204697683316,,,,,140,187796.25,48.9052734375,svd_omp_shared_dictionary,8,,0.47458100558659216,0.47346267104148865,,2126243.220855431
,987.8567499256978,,,,,136,178080.0,46.375,svd_omp_shared_dictionary,8,,0.4801117318435754,0.478933721780777,,2023130.6238478292
,969.9674418011955,,,,,135,174637.5,45.478515625,svd_omp_shared_dictionary,8,,0.48208921298945656,0.4809197783470154,,1986493.3208088484
,938.796593348797,,,,,132,168652.5,43.919921875,svd_omp_shared_dictionary,7,,0.4856424581005586,0.48443353176116943,,1922655.4231783364
,891.4239608171358,,,,,129,159585.0,41.55859375,svd_omp_shared_dictionary,7,,0.49117318435754187,0.48989686369895935,,1825636.2717534942
,845.2363850040933,,,,,125,150781.875,39.26611328125,svd_omp_shared_dictionary,6,,0.4967039106145251,0.4954022467136383,,1731044.1164883832
,800.3507577111,,,,,122,142261.875,37.04736328125,svd_omp_shared_dictionary,6,,0.5022346368715084,0.5008852481842041,,1639118.3517923327
,759.4377355755076,,,,,119,134527.5,35.033203125,svd_omp_shared_dictionary,5,,0.5075156025943758,0.5060650706291199,,1555328.4824586397
,757.2791081421165,,,,,119,134120.625,34.92724609375,svd_omp_shared_dictionary,5,,0.5077653631284916,0.5063453316688538,,1550907.6134750545
,715.568307221357,,,,,116,126270.0,32.8828125,svd_omp_shared_dictionary,5,,0.5132960893854749,0.511789083480835,,1465483.8931893392
,675.2091272078361,,,,,113,118708.125,30.91357421875,svd_omp_shared_dictionary,5,,0.518826815642458,0.5172603130340576,,1382828.2925216483
,636.4174206803841,,,,,110,111470.625,29.02880859375,svd_omp_shared_dictionary,5,,0.5243575418994413,0.5226693749427795,,1303382.8775534267
,598.8176962465269,,,,,107,104488.125,27.21044921875,svd_omp_shared_dictionary,4,,0.5298882681564245,0.5281913876533508,,1226378.641912887
,569.8869279671528,,,,,105,99136.875,25.81689453125,svd_omp_shared_dictionary,4,,0.5342830329671067,0.5325325727462769,,1167128.428476729
,562.6583651369062,,,,,104,97801.875,25.46923828125,svd_omp_shared_dictionary,4,,0.5354189944134078,0.5336241722106934,,1152324.331800384
,528.3909840045525,,,,,102,91494.375,23.82666015625,svd_omp_shared_dictionary,4,,0.540949720670391,0.5389980673789978,,1082144.7352413235
,494.9750844015266,,,,,99,85372.5,22.232421875,svd_omp_shared_dictionary,4,,0.5464804469273743,0.5444363355636597,,1013708.9728543265
,463.39159101430306,,,,,97,79612.5,20.732421875,svd_omp_shared_dictionary,4,,0.5520111731843576,0.5498070120811462,,949025.9783972927
,432.9266891567533,,,,,94,74085.0,19.29296875,svd_omp_shared_dictionary,3,,0.5575418994413408,0.5552644729614258,,886633.8593930308
,407.41398498185305,,,,,92,69474.375,18.09228515625,svd_omp_shared_dictionary,3,,0.5624622333920214,0.5599494576454163,,834383.841242835
,404.09903938448116,,,,,92,68878.125,17.93701171875,svd_omp_shared_dictionary,3,,0.5630726256983241,0.560598611831665,,827594.8326594174
,376.50634809035284,,,,,89,63916.875,16.64501953125,svd_omp_shared_dictionary,3,,0.5686033519553072,0.5660039186477661,,771085.0008890426
,350.52792073995334,,,,,87,59270.625,15.43505859375,svd_omp_shared_dictionary,3,,0.5741340782122905,0.5713817477226257,,717881.1816754245
,325.5044206739842,,,,,85,54813.75,14.2744140625,svd_omp_shared_dictionary,3,,0.5796648044692737,0.576688826084137,,666633.0535403197
,302.3092565022744,,,,,82,50703.75,13.2041015625,svd_omp_shared_dictionary,2,,0.585195530726257,0.5819437503814697,,619129.357316658
,280.3023062909123,,,,,80,46824.375,12.19384765625,svd_omp_shared_dictionary,2,,0.5907262569832402,0.5872808694839478,,574059.1232837884
,274.6836033250858,,,,,79,45834.375,11.93603515625,svd_omp_shared_dictionary,2,,0.5921276635633272,0.5886247754096985,,562552.0196097757
,259.5408733615458,,,,,78,43177.5,11.244140625,svd_omp_shared_dictionary,2,,0.5962569832402235,0.5924032926559448,,531539.7086444458
,239.96303373753693,,,,,75,39759.375,10.35400390625,svd_omp_shared_dictionary,2,,0.6017877094972067,0.5976635813713074,,491444.29309447564
,222.3330793025884,,,,,73,36693.75,9.5556640625,svd_omp_shared_dictionary,1,,0.6073184357541899,0.6025971174240112,,455338.14641170105
,205.1590067953203,,,,,71,33723.75,8.7822265625,svd_omp_shared_dictionary,1,,0.6128491620111731,0.6078599691390991,,420165.64591681596
,189.12306911272506,,,,,69,30961.875,8.06298828125,svd_omp_shared_dictionary,1,,0.6183798882681564,0.6130069494247437,,387324.0455428609
,176.32227450922983,,,,,67,28768.125,7.49169921875,svd_omp_shared_dictionary,1,,0.6233577103346516,0.6173796057701111,,361108.0181949027
,174.78715944703885,,,,,67,28505.625,7.42333984375,svd_omp_shared_dictionary,1,,0.6239106145251396,0.617896556854248,,357964.10254753556
,161.19797582916647,,,,,65,26188.125,6.81982421875,svd_omp_shared_dictionary,1,,0.6294413407821229,0.6231255531311035,,330133.4544981329
,149.24494647490295,,,,,63,24159.375,6.29150390625,svd_omp_shared_dictionary,1,,0.6349720670391061,0.6277469396591187,,305653.65038060123
,137.56256221614072,,,,,61,22185.0,5.77734375,svd_omp_shared_dictionary,1,,0.6405027932960894,0.6328670382499695,,281728.1274186562
,127.24209091203277,,,,,59,20448.75,5.3251953125,svd_omp_shared_dictionary,1,,0.6460335195530726,0.6375933289527893,,260591.8021878431
,118.21069827850067,,,,,57,18933.75,4.9306640625,svd_omp_shared_dictionary,1,,0.6515642458100559,0.6419041752815247,,242095.51007436938
,110.63251410673031,,,,,56,17670.0,4.6015625,svd_omp_shared_dictionary,1,,0.6562348948456137,0.6459670662879944,,226575.38889058368
,109.20614188237693,,,,,55,17430.0,4.5390625,svd_omp_shared_dictionary,1,,0.657094972067039,0.6466506123542786,,223654.17857510794
,101.66944068163568,,,,,54,16179.375,4.21337890625,svd_omp_shared_dictionary,1,,0.6626256983240223,0.6511805653572083,,208219.01451598987
,94.5038279107834,,,,,52,14992.5,3.904296875,svd_omp_shared_dictionary,1,,0.6681564245810055,0.6556053161621094,,193543.8395612844
,87.96732588191813,,,,,50,13914.375,3.62353515625,svd_omp_shared_dictionary,1,,0.6736871508379888,0.660118043422699,,180157.08340616833
,82.01388015871841,,,,,48,12937.5,3.369140625,svd_omp_shared_dictionary,1,,0.6792178770949721,0.6643298864364624,,167964.4265650553
,76.89029227569746,,,,,47,12097.5,3.150390625,svd_omp_shared_dictionary,1,,0.6847486033519553,0.6681107878684998,,157471.3185806284
,72.2939375662128,,,,,45,11347.5,2.955078125,svd_omp_shared_dictionary,1,,0.6902793296089386,0.6721242666244507,,148057.98413560382
,71.85677206267233,,,,,45,11276.25,2.9365234375,svd_omp_shared_dictionary,1,,0.6908460905726849,0.6724935173988342,,147162.66918435294
,67.49089934507457,,,,,44,10567.5,2.751953125,svd_omp_shared_dictionary,1,,0.6958100558659217,0.6765028834342957,,138221.3618587127
,63.365837382376334,,,,,42,9900.0,2.578125,svd_omp_shared_dictionary,1,,0.701340782122905,0.6804360747337341,,129773.23495910673
,59.568756723062954,,,,,40,9286.875,2.41845703125,svd_omp_shared_dictionary,1,,0.7068715083798882,0.6845226287841797,,121996.81376883293
,56.10410788172096,,,,,39,8730.0,2.2734375,svd_omp_shared_dictionary,1,,0.7124022346368715,0.6886526346206665,,114901.21294176452
,52.87407161105617,,,,,37,8212.5,2.138671875,svd_omp_shared_dictionary,1,,0.7179329608938547,0.6924741864204407,,108286.09865944304
,49.79671077817341,,,,,36,7721.25,2.0107421875,svd_omp_shared_dictionary,1,,0.723463687150838,0.6967705488204956,,101983.66367369915
,47.66165152225606,,,,,35,7381.875,1.92236328125,svd_omp_shared_dictionary,1,,0.7272827528804983,0.6998419165611267,,97611.0623175804
,46.59198847340551,,,,,34,7211.25,1.8779296875,svd_omp_shared_dictionary,1,,0.7289944134078212,0.7014557123184204,,95420.39239353448
,43.50531010531278,,,,,33,6721.875,1.75048828125,svd_omp_shared_dictionary,1,,0.7345251396648045,0.7066697478294373,,89098.87509568057
,40.88142017806023,,,,,32,6305.625,1.64208984375,svd_omp_shared_dictionary,1,,0.7400558659217877,0.7112411260604858,,83725.14852466735
,38.309350680896806,,,,,30,5898.75,1.5361328125,svd_omp_shared_dictionary,1,,0.7455865921787709,0.7159769535064697,,78457.55019447666
,35.63993628651345,,,,,29,5476.875,1.42626953125,svd_omp_shared_dictionary,1,,0.7511173184357541,0.7207238078117371,,72990.58951477955
,33.6421814675341,,,,,28,5160.0,1.34375,svd_omp_shared_dictionary,1,,0.7566480446927374,0.7243391871452332,,68899.18764550984
,32.06199896530527,,,,,27,4908.75,1.2783203125,svd_omp_shared_dictionary,1,,0.7621787709497206,0.72743821144104,,65662.9738809452
,31.357580922861384,,,,,26,4796.25,1.2490234375,svd_omp_shared_dictionary,1,,0.7656411606801803,0.7287362217903137,,64220.325730020115
,30.970689536213115,,,,,26,4734.375,1.23291015625,svd_omp_shared_dictionary,1,,0.7677094972067039,0.7295094132423401,,63427.97217016446
,30.01372623625146,,,,,24,4580.625,1.19287109375,svd_omp_shared_dictionary,1,,0.7732402234636871,0.7311631441116333,,61468.11133184299
,29.490657269940332,,,,,23,4496.25,1.1708984375,svd_omp_shared_dictionary,1,,0.7787709497206704,0.7321483492851257,,60396.8660888378
,28.981883949700343,,,,,22,4413.75,1.1494140625,svd_omp_shared_dictionary,1,,0.7843016759776535,0.7330260276794434,,59354.8983289863
,28.735507876780634,,,,,21,4372.5,1.138671875,svd_omp_shared_dictionary,1,,0.7898324022346368,0.7333335280418396,,58850.32013164674
,28.535199248117507,,,,,20,4338.75,1.1298828125,svd_omp_shared_dictionary,1,,0.79536312849162,0.7335116267204285,,58440.088060144655
,28.371564343122248,,,,,19,4310.625,1.12255859375,svd_omp_shared_dictionary,1,,0.8008938547486033,0.7336196899414062,,58104.963774714364
,28.240575911229804,,,,,18,4288.125,1.11669921875,svd_omp_shared_dictionary,1,,0.8060226708332452,0.733720064163208,,57836.69946619864
,28.228572452847235,,,,,18,4286.25,1.1162109375,svd_omp_shared_dictionary,1,,0.8064245810055866,0.7337363958358765,,57812.11638343114
,28.110038574066753,,,,,17,4265.625,1.11083984375,svd_omp_shared_dictionary,1,,0.8119553072625698,0.7337759733200073,,57569.35899968871
,27.991958979346375,,,,,16,4245.0,1.10546875,svd_omp_shared_dictionary,1,,0.8174860335195531,0.7338285446166992,,57327.531989701376
,27.90708234290118,,,,,15,4230.0,1.1015625,svd_omp_shared_dictionary,1,,0.8230167597765363,0.7338508367538452,,57153.70463826162
,27.789763223185137,,,,,14,4209.375,1.09619140625,svd_omp_shared_dictionary,1,,0.8285474860335196,0.7338848114013672,,56913.43508108316
,27.7150934018235,,,,,13,4196.25,1.0927734375,svd_omp_shared_dictionary,1,,0.8340782122905027,0.7339052557945251,,56760.511286934525
,27.5960562397269,,,,,13,4175.625,1.08740234375,svd_omp_shared_dictionary,1,,0.839608938547486,0.7339476943016052,,56516.72317896069
,27.52098938199171,,,,,12,4162.5,1.083984375,svd_omp_shared_dictionary,1,,0.8451396648044692,0.7339691519737244,,56362.986254319025
,27.49946310786632,,,,,11,4158.75,1.0830078125,svd_omp_shared_dictionary,1,,0.8485339859732748,0.733974277973175,,56318.90044491022
,27.4239033632683,,,,,11,4145.625,1.07958984375,svd_omp_shared_dictionary,1,,0.8506703910614525,0.7340009212493896,,56164.154087973475
,27.326755120213704,,,,,10,4128.75,1.0751953125,svd_omp_shared_dictionary,1,,0.8562011173184357,0.734031617641449,,55965.194486197666
,27.283305846814233,,,,,10,4121.25,1.0732421875,svd_omp_shared_dictionary,1,,0.861731843575419,0.7340468168258667,,55876.21037427555
,27.14209570826596,,,,,9,4096.875,1.06689453125,svd_omp_shared_dictionary,1,,0.8672625698324022,0.7340947389602661,,55587.012010528684
,27.12022077603267,,,,,9,4093.125,1.06591796875,svd_omp_shared_dictionary,1,,0.8727932960893854,0.734100878238678,,55542.21214931491
,26.955092792017076,,,,,9,4065.0,1.05859375,svd_omp_shared_dictionary,1,,0.8783240223463686,0.7341684699058533,,55204.03003805097
,26.93313396230497,,,,,8,4061.25,1.0576171875,svd_omp_shared_dictionary,1,,0.8838547486033519,0.7341746687889099,,55159.05835480058
,26.86700578073221,,,,,8,4050.0,1.0546875,svd_omp_shared_dictionary,1,,0.8893854748603351,0.7342008352279663,,55023.62783893957
,26.745675791132378,,,,,7,4029.375,1.04931640625,svd_omp_shared_dictionary,1,,0.8932874364530782,0.7342456579208374,,54775.14402023911
,26.71232673019668,,,,,7,4023.75,1.0478515625,svd_omp_shared_dictionary,1,,0.9004469273743017,0.7342591285705566,,54706.8451434428
,26.556588265256845,,,,,6,3997.5,1.041015625,svd_omp_shared_dictionary,1,,0.9059776536312849,0.73431795835495,,54387.89276724602
,26.432974364771354,,,,,6,3976.875,1.03564453125,svd_omp_shared_dictionary,1,,0.9170391061452514,0.7343651652336121,,54134.73149905173
,26.365619159460476,,,,,5,3965.625,1.03271484375,svd_omp_shared_dictionary,1,,0.9225698324022346,0.7343923449516296,,53996.788038575054
,26.34275059663297,,,,,5,3961.875,1.03173828125,svd_omp_shared_dictionary,1,,0.9281005586592178,0.7343994975090027,,53949.953221904325
,26.1724222221226,,,,,4,3933.75,1.0244140625,svd_omp_shared_dictionary,1,,0.9336312849162011,0.7344715595245361,,53601.12071090708
,26.16070530899701,,,,,4,3931.875,1.02392578125,svd_omp_shared_dictionary,1,,0.9404012771623335,0.7344743013381958,,53577.124472825875
,26.080111943975986,,,,,4,3918.75,1.0205078125,svd_omp_shared_dictionary,1,,0.9446927374301676,0.734510064125061,,53412.06926126282
,25.97649190323467,,,,,3,3901.875,1.01611328125,svd_omp_shared_dictionary,1,,0.9502234636871508,0.7345558404922485,,53199.855417824605
,25.84731931359622,,,,,3,3881.25,1.0107421875,svd_omp_shared_dictionary,1,,0.9612849162011172,0.7346150875091553,,52935.30995424506
,25.777017834842688,,,,,2,3870.0,1.0078125,svd_omp_shared_dictionary,1,,0.9668156424581005,0.7346469759941101,,52791.332525757825
,25.620972875869292,,,,,2,3845.625,1.00146484375,svd_omp_shared_dictionary,1,,0.977877094972067,0.7347195148468018,,52471.75244978031
,25.584962500721584,,,,,1,3840.0,1.0,svd_omp_shared_dictionary,1,,0.9834078212290502,0.7347357869148254,,52398.003201477804
,0.0,,,,,0,0.0,0.0,svd_omp_shared_dictionary,0,,1.0,1.0,,0.0
,35295.34923030189,,,,,768,2931570.0,763.4296875,svd_omp_dictionary_counted,748,,0.0,0.00033295954926870763,,72284875.22365826
,35285.357115607956,,,,,768,2927178.75,762.2861328125,svd_omp_dictionary_counted,747,,0.00017601181754544495,0.00038932825555093586,,72264411.3727651
,35281.21054836706,,,,,768,2925390.0,761.8203125,svd_omp_dictionary_counted,746,,0.00030980159915651006,0.000415569607866928,,72255919.20305574
,35273.15839480146,,,,,768,2921926.875,760.91845703125,svd_omp_dictionary_counted,746,,0.0004005839796968018,0.0004648100002668798,,72239428.39255339
,35265.90179631723,,,,,768,2918812.5,760.107421875,svd_omp_dictionary_counted,746,,0.00046736859861300185,0.0005064227734692395,,72224566.87885769
,35258.48331106674,,,,,768,2915683.125,759.29248046875,svd_omp_dictionary_counted,745,,0.0005179686781044028,0.0005537120741792023,,72209373.82106468
,35252.574641255735,,,,,768,2913213.75,758.6494140625,svd_omp_dictionary_counted,745,,0.0005740470204746843,0.0005903294659219682,,72197272.86529174
,35245.88936717043,,,,,768,2910465.0,757.93359375,svd_omp_dictionary_counted,744,,0.0006361967347559233,0.0006359269609674811,,72183581.42396504
,35240.48967727836,,,,,768,2908280.625,757.36474609375,svd_omp_dictionary_counted,744,,0.0006697510761670741,0.0006732931942678988,,72172522.85906608
,35235.23347327438,,,,,768,2906171.25,756.8154296875,svd_omp_dictionary_counted,744,,0.000742262275665881,0.0007118957000784576,,72161758.15326592
,35230.67209375019,,,,,768,2904382.5,756.349609375,svd_omp_dictionary_counted,743,,0.0007814107347095548,0.0007480402709916234,,72152416.44800039
,35226.22592556282,,,,,768,2902642.5,755.896484375,svd_omp_dictionary_counted,743,,0.0008226239650554198,0.0007841995684430003,,72143310.69555266
,35218.01202992655,,,,,768,2899475.625,755.07177734375,svd_omp_dictionary_counted,742,,0.0008660108670442432,0.0008532350184395909,,72126488.63728957
,35214.697000726774,,,,,768,2898208.125,754.74169921875,svd_omp_dictionary_counted,742,,0.0009116860846476744,0.0008820544462651014,,72119699.45748843
,35210.94708818422,,,,,768,2896788.75,754.3720703125,svd_omp_dictionary_counted,742,,0.0009597703083993104,0.0009156213491223752,,72112019.63660128
,35204.48949731497,,,,,764,2894364.375,753.74072265625,svd_omp_dictionary_counted,741,,0.0010103905943029644,0.000974660215433687,,72098794.49050106
,35198.65359381689,,,,,762,2892191.25,753.1748046875,svd_omp_dictionary_counted,740,,0.0010636806995608368,0.0010305603500455618,,72086842.56013699
,35193.27171922631,,,,,762,2890198.125,752.65576171875,svd_omp_dictionary_counted,740,,0.001119781436008674,0.0010823553893715143,,72075820.48097548
,35188.10642657122,,,,,761,2888296.875,752.16064453125,svd_omp_dictionary_counted,739,,0.0011788410421918456,0.0011330241104587913,,72065241.96161786
,35180.931224756,,,,,760,2885670.0,751.4765625,svd_omp_dictionary_counted,738,,0.0012410155750654816,0.001205097301863134,,72050547.14830029
,35174.183569164394,,,,,760,2883211.875,750.83642578125,svd_omp_dictionary_counted,738,,0.0013064693223536995,0.0012736349599435925,,72036727.94964868
,35167.96440605396,,,,,759,2880960.0,750.25,svd_omp_dictionary_counted,737,,0.0013753752366575025,0.001337709603831172,,72023991.1035985
,35162.05819577123,,,,,758,2878830.0,749.6953125,svd_omp_dictionary_counted,736,,0.0014479153924584504,0.0013998632784932852,,72011895.18493947
,35154.67666976192,,,,,758,2876182.5,749.005859375,svd_omp_dictionary_counted,736,,0.0015242814672256392,0.0014778581680729985,,71996777.8196724
,35147.76114976525,,,,,758,2873711.25,748.3623046875,svd_omp_dictionary_counted,735,,0.0016046752478972772,0.0015524195041507483,,71982614.83471923
,35139.580170979476,,,,,758,2870805.0,747.60546875,svd_omp_dictionary_counted,734,,0.0016893091640751486,0.0016412624390795827,,71965860.19016597
,35131.73222173688,,,,,757,2868030.0,746.8828125,svd_omp_dictionary_counted,733,,0.0017784068493408723,0.0017278268933296204,,71949787.59011713
,35123.37724134461,,,,,757,2865090.0,746.1171875,svd_omp_dictionary_counted,733,,0.0018722037321771325,0.0018209125846624374,,71932676.59027377
,35115.308435175255,,,,,757,2862264.375,745.38134765625,svd_omp_dictionary_counted,732,,0.001970947658055351,0.0019124910468235612,,71916151.67523892
,35106.40627177756,,,,,756,2859161.25,744.5732421875,svd_omp_dictionary_counted,731,,0.0020748995443335334,0.0020147881004959345,,71897920.04460044
,35096.861458174004,,,,,756,2855848.125,743.71044921875,svd_omp_dictionary_counted,730,,0.0021843340696948124,0.0021258031483739614,,71878372.26634036
,35087.01777028764,,,,,755,2852448.75,742.8251953125,svd_omp_dictionary_counted,729,,0.0022995403999484048,0.00224208808504045,,71858212.39354908
,35077.49510626252,,,,,755,2849175.0,741.97265625,svd_omp_dictionary_counted,727,,0.002420822952110835,0.002356718061491847,,71838709.97762564
,35066.81968471258,,,,,754,2845522.5,741.021484375,svd_omp_dictionary_counted,726,,0.0025485021987863813,0.002486512064933777,,71816846.71429136
,35055.91261466116,,,,,754,2841806.25,740.0537109375,svd_omp_dictionary_counted,725,,0.0026829155149722234,0.0026210020296275616,,71794509.03482606
,35044.759843934306,,,,,753,2838024.375,739.06884765625,svd_omp_dictionary_counted,724,,0.0028244180695258725,0.0027598387096077204,,71771668.16037746
,35033.349727823865,,,,,753,2834173.125,738.06591796875,svd_omp_dictionary_counted,722,,0.002973383763650435,0.0029037543572485447,,71748300.24258327
,35021.31448144138,,,,,752,2830128.75,737.0126953125,svd_omp_dictionary_counted,721,,0.0031302062188775523,0.0030578370206058025,,71723652.05799195
,35008.375417116906,,,,,751,2825799.375,735.88525390625,svd_omp_dictionary_counted,720,,0.0032952998171586257,0.0032247339840978384,,71697152.85425542
,34995.18354809982,,,,,750,2821406.25,734.7412109375,svd_omp_dictionary_counted,718,,0.0034691007958126048,0.0033980640582740307,,71670135.90650843
,34981.55384856411,,,,,750,2816887.5,733.564453125,svd_omp_dictionary_counted,717,,0.0036520684002236074,0.0035787385422736406,,71642222.2818593
,34967.34675503986,,,,,749,2812198.125,732.34326171875,svd_omp_dictionary_counted,715,,0.0038446860973342257,0.003770706709474325,,71613126.15432164
,34952.79295305754,,,,,748,2807416.875,731.09814453125,svd_omp_dictionary_counted,714,,0.004047462853140981,0.003969450946897268,,71583319.96786185
,34937.20234670754,,,,,747,2802316.875,729.77001953125,svd_omp_dictionary_counted,712,,0.004260934477567582,0.004185372963547707,,71551390.40605704
,34921.309418216464,,,,,746,2797140.0,728.421875,svd_omp_dictionary_counted,711,,0.004485665040269538,0.004408123902976513,,71518841.68850732
,34905.0126315591,,,,,744,2791856.25,727.0458984375,svd_omp_dictionary_counted,709,,0.004722248361111345,0.004638961050659418,,71485465.86943303
,34887.46650537067,,,,,743,2786191.875,725.57080078125,svd_omp_dictionary_counted,707,,0.004971309579254457,0.004890973214060068,,71449531.40299913
,34869.55549744632,,,,,742,2780435.625,724.07177734375,svd_omp_dictionary_counted,705,,0.005233506805002288,0.0051520513370633125,,71412849.65877007
,34851.393823145474,,,,,741,2774623.125,722.55810546875,svd_omp_dictionary_counted,703,,0.005509532858766929,0.00541950948536396,,71375654.54980193
,34831.95691426348,,,,,739,2768430.0,720.9453125,svd_omp_dictionary_counted,701,,0.005800117101752628,0.005710522644221783,,71335847.7604116
,34811.53459949841,,,,,738,2761951.875,719.25830078125,svd_omp_dictionary_counted,699,,0.006106027363193261,0.006019159220159054,,71294022.85977274
,34790.97563690171,,,,,736,2755458.75,717.5673828125,svd_omp_dictionary_counted,696,,0.006428071969236427,0.006334273144602776,,71251918.1043747
,34769.301467755475,,,,,735,2748643.125,715.79248046875,svd_omp_dictionary_counted,694,,0.006767101878835006,0.006671092938631773,,71207529.40596321
,34746.665850230085,,,,,733,2741555.625,713.94677734375,svd_omp_dictionary_counted,692,,0.007124012932290173,0.0070268153212964535,,71161171.66127121
,34722.94662867237,,,,,731,2734160.625,712.02099609375,svd_omp_dictionary_counted,689,,0.007499748218387211,0.007405061274766922,,71112594.69552101
,34698.74675125767,,,,,730,2726649.375,710.06494140625,svd_omp_dictionary_counted,687,,0.007895300566379038,0.007796373218297958,,71063033.3465757
,34673.442437269674,,,,,728,2718828.75,708.0283203125,svd_omp_dictionary_counted,685,,0.008311715169402066,0.008211154490709305,,71011210.11152829
,34647.02397362779,,,,,726,2710698.75,705.9111328125,svd_omp_dictionary_counted,683,,0.008750092346256583,0.008650263771414757,,70957105.09798971
,34619.615668423125,,,,,725,2702300.625,703.72412109375,svd_omp_dictionary_counted,681,,0.009211590448849073,0.009112262167036533,,70900972.88893056
,34591.402686787325,,,,,723,2693692.5,701.482421875,svd_omp_dictionary_counted,679,,0.009697428922979196,0.009592772461473942,,70843192.70254044
,34573.9050509884,,,,,722,2688373.125,700.09716796875,svd_omp_dictionary_counted,678,,0.01,0.009893237613141537,,70807357.54442424
,34561.94798238982,,,,,721,2684745.0,699.15234375,svd_omp_dictionary_counted,677,,0.010208891530558985,0.010099951177835464,,70782869.46793436
,34531.20835313856,,,,,719,2675446.875,696.73095703125,svd_omp_dictionary_counted,674,,0.010747329741778678,0.010637598112225533,,70719914.70722777
,34499.19857696041,,,,,717,2665805.625,694.22021484375,svd_omp_dictionary_counted,671,,0.011314166306182311,0.011204772628843784,,70654358.68561491
,34466.30854879951,,,,,715,2655941.25,691.6513671875,svd_omp_dictionary_counted,669,,0.011910899012089448,0.011796451173722744,,70586999.9079414
,34431.78464411115,,,,,713,2645630.625,688.96630859375,svd_omp_dictionary_counted,666,,0.012539104644296483,0.01242522057145834,,70516294.95113963
,34396.46479945582,,,,,711,2635128.75,686.2314453125,svd_omp_dictionary_counted,663,,0.013200443150515455,0.013078314252197742,,70443959.90928552
,34359.27797987074,,,,,708,2624116.875,683.36376953125,svd_omp_dictionary_counted,660,,0.013896662027559554,0.013775506988167763,,70367801.30277528
,34320.81218009941,,,,,705,2612775.0,680.41015625,svd_omp_dictionary_counted,657,,0.014629600938865051,0.014505737461149693,,70289023.3448436
,34280.679824350926,,,,,702,2600992.5,677.341796875,svd_omp_dictionary_counted,654,,0.01540119657555108,0.015277198515832424,,70206832.2802707
,34274.073526344655,,,,,702,2599057.5,676.837890625,svd_omp_dictionary_counted,653,,0.01553072625698324,0.015405237674713135,,70193302.58195385
,34239.22832572943,,,,,699,2588874.375,674.18603515625,svd_omp_dictionary_counted,650,,0.016213487773861866,0.016085121780633926,,70121939.61109388
,34195.98830140874,,,,,696,2576287.5,670.908203125,svd_omp_dictionary_counted,646,,0.01706862090251335,0.016938745975494385,,70033384.0412851
,34151.11042152283,,,,,692,2563278.75,667.5205078125,svd_omp_dictionary_counted,643,,0.017968855534179862,0.01783653162419796,,69941474.14327876
,34104.465518189485,,,,,689,2549816.25,664.0146484375,svd_omp_dictionary_counted,638,,0.018916570416106827,0.018782325088977814,,69845945.38125207
,34056.10111818419,,,,,686,2535916.875,660.39501953125,svd_omp_dictionary_counted,634,,0.019914269755625838,0.019775157794356346,,69746895.09004122
,34005.68899474571,,,,,683,2521490.625,656.63818359375,svd_omp_dictionary_counted,630,,0.020964589837181087,0.020825032144784927,,69643651.06123921
,34001.11036991765,,,,,683,2520183.75,656.2978515625,svd_omp_dictionary_counted,630,,0.021061452513966482,0.020921524614095688,,69634274.03759135
,33953.48063187345,,,,,680,2506614.375,652.76416015625,svd_omp_dictionary_counted,625,,0.02207030598835154,0.021927526220679283,,69536728.33407682
,33899.24961558354,,,,,677,2491228.125,648.75732421875,svd_omp_dictionary_counted,620,,0.023234339913275476,0.023088868707418442,,69425663.21271509
,33842.9155390795,,,,,674,2475313.125,644.61279296875,svd_omp_dictionary_counted,616,,0.024459767412855257,0.0243108868598938,,69310291.02403481
,33784.2569379758,,,,,670,2458813.125,640.31591796875,svd_omp_dictionary_counted,611,,0.025749826512141857,0.025601381435990334,,69190158.20897444
,33746.372522073565,,,,,668,2448193.125,637.55029296875,svd_omp_dictionary_counted,607,,0.026592178770949722,0.02644418552517891,,69112570.92520666
,33723.6205702226,,,,,667,2441829.375,635.89306640625,svd_omp_dictionary_counted,605,,0.027107926016374313,0.026954181492328644,,69065974.92781588
,33660.44135364401,,,,,663,2424210.0,631.3046875,svd_omp_dictionary_counted,599,,0.028537654518282773,0.028383607044816017,,68936583.89226294
,33594.86903610036,,,,,659,2406001.875,626.56298828125,svd_omp_dictionary_counted,592,,0.03004278988045548,0.029886433854699135,,68802291.78593354
,33526.77972533058,,,,,655,2387176.875,621.66064453125,svd_omp_dictionary_counted,586,,0.031627309217825285,0.03146686404943466,,68662844.87747703
,33505.725673926856,,,,,654,2381371.875,620.14892578125,svd_omp_dictionary_counted,584,,0.03212290502793296,0.03195847198367119,,68619726.1802022
,33456.00191627842,,,,,651,2367693.75,616.5869140625,svd_omp_dictionary_counted,579,,0.03329539940665357,0.033131808042526245,,68517891.92453821
,33382.51296116576,,,,,647,2347552.5,611.341796875,svd_omp_dictionary_counted,571,,0.03505146814777988,0.03488374501466751,,68367386.54446748
,33306.2006911309,,,,,643,2326728.75,605.9189453125,svd_omp_dictionary_counted,564,,0.03690015561337007,0.03672841936349869,,68211099.01543608
,33275.280409347084,,,,,641,2318317.5,603.728515625,svd_omp_dictionary_counted,561,,0.0376536312849162,0.03748307749629021,,68147774.27834283
,33226.92922689498,,,,,639,2305192.5,600.310546875,svd_omp_dictionary_counted,557,,0.038846346707938725,0.03867014870047569,,68048751.05668092
,33144.658774621166,,,,,635,2282940.0,594.515625,svd_omp_dictionary_counted,550,,0.04089518397604292,0.04071589186787605,,67880261.17042415
,33059.07533652657,,,,,630,2259894.375,588.51416015625,svd_omp_dictionary_counted,542,,0.043052081190754994,0.042870618402957916,,67704986.28920642
,33053.776724229516,,,,,630,2258471.25,588.1435546875,svd_omp_dictionary_counted,542,,0.04318435754189944,0.04300526902079582,,67694134.73122205
,32970.19202255554,,,,,626,2236066.875,582.30908203125,svd_omp_dictionary_counted,535,,0.04532273765881974,0.04514213278889656,,67522953.26219374
,32878.14464555898,,,,,621,2211502.5,575.912109375,svd_omp_dictionary_counted,527,,0.04771315328029496,0.04752908647060394,,67334440.2341048
,32840.073554322276,,,,,619,2201373.75,573.2744140625,svd_omp_dictionary_counted,524,,0.04871508379888268,0.04852498322725296,,67256470.63925202
,32782.76527472921,,,,,616,2186161.875,569.31298828125,svd_omp_dictionary_counted,519,,0.050229644402469305,0.05003446340560913,,67139103.28264542
,32683.19136397831,,,,,611,2159827.5,562.455078125,svd_omp_dictionary_counted,511,,0.0528788605099487,0.05268865451216698,,66935175.91342758
,32632.8025018048,,,,,609,2146546.875,558.99658203125,svd_omp_dictionary_counted,507,,0.05424581005586592,0.0540466271340847,,66831979.52369623
,32580.433551905946,,,,,606,2132775.0,555.41015625,svd_omp_dictionary_counted,503,,0.05566780179501234,0.05546820908784866,,66724727.91430338
,32473.41743753285,,,,,601,2104730.625,548.10693359375,svd_omp_dictionary_counted,494,,0.058603837654666244,0.05840105563402176,,66505558.91206728
,32431.29815220376,,,,,598,2093728.125,545.24169921875,svd_omp_dictionary_counted,490,,0.05977653631284916,0.05956827104091644,,66419298.6157133
,32362.510224545276,,,,,595,2075801.25,540.5732421875,svd_omp_dictionary_counted,485,,0.061694726163270076,0.061489593237638474,,66278420.939868726
,32247.793364924277,,,,,589,2046016.875,532.81689453125,svd_omp_dictionary_counted,476,,0.06494863457219026,0.06473299860954285,,66043480.81136492
,32235.137282102143,,,,,588,2042739.375,531.96337890625,svd_omp_dictionary_counted,475,,0.0653072625698324,0.06509416550397873,,66017561.15374519
,32128.56687274087,,,,,582,2015206.875,524.79345703125,svd_omp_dictionary_counted,467,,0.06837416089064807,0.06815788894891739,,65799304.9553733
,32043.721308232307,,,,,577,1993368.75,519.1064453125,svd_omp_dictionary_counted,460,,0.07083798882681563,0.07062436640262604,,65625541.239259765
,32004.903827820555,,,,,575,1983401.25,516.5107421875,svd_omp_dictionary_counted,457,,0.07198035660478672,0.07176186889410019,,65546043.0393765
,31877.01160849193,,,,,568,1950665.625,507.98583984375,svd_omp_dictionary_counted,447,,0.07577675059498859,0.07554810494184494,,65284119.77419147
,31856.93674200085,,,,,567,1945541.25,506.6513671875,svd_omp_dictionary_counted,446,,0.07636871508379887,0.07614633440971375,,65243006.44761774
,31744.144143120677,,,,,561,1916820.0,499.171875,svd_omp_dictionary_counted,437,,0.07977337431464247,0.07954303920269012,,65012007.205111146
,31674.276960922343,,,,,557,1899088.125,494.55419921875,svd_omp_dictionary_counted,432,,0.08189944134078211,0.08166995644569397,,64868919.21596896
,31606.46916128414,,,,,554,1881920.625,490.08349609375,svd_omp_dictionary_counted,427,,0.08398078829689126,0.08374800533056259,,64730048.84230992
,31495.20349715392,,,,,548,1853838.75,482.7705078125,svd_omp_dictionary_counted,419,,0.08743016759776535,0.08719294518232346,,64502176.76217123
,31463.79001935962,,,,,546,1845930.0,480.7109375,svd_omp_dictionary_counted,417,,0.08841011005940017,0.08817350119352341,,64437841.959648505
,31319.621548107643,,,,,538,1809744.375,471.28759765625,svd_omp_dictionary_counted,406,,0.0929608938547486,0.09271851927042007,,64142584.93052445
,31315.968972834446,,,,,538,1808829.375,471.04931640625,svd_omp_dictionary_counted,406,,0.09307304348088125,0.09283311665058136,,64135104.456364945
,31163.261358284974,,,,,529,1770695.625,461.11865234375,svd_omp_dictionary_counted,395,,0.09798190972699704,0.09772974252700806,,63822359.261767626
,31147.412559185956,,,,,528,1766748.75,460.0908203125,svd_omp_dictionary_counted,394,,0.09849162011173183,0.09824188798666,,63789900.92121284
,31004.82091299964,,,,,521,1731331.875,450.86767578125,svd_omp_dictionary_counted,382,,0.10314967980736002,0.10289476066827774,,63497873.22982326
,30978.39534077458,,,,,519,1724786.25,449.1630859375,svd_omp_dictionary_counted,380,,0.10402234636871507,0.10376513749361038,,63443753.65790634
,30841.102427974103,,,,,511,1690867.5,440.330078125,svd_omp_dictionary_counted,369,,0.10859000884965682,0.1083264872431755,,63162577.77249096
,30812.36746724016,,,,,510,1683787.5,438.486328125,svd_omp_dictionary_counted,366,,0.10955307262569831,0.10929101705551147,,63103728.57290785
,30671.711236931413,,,,,502,1649221.875,429.48486328125,svd_omp_dictionary_counted,355,,0.1143172721814613,0.11405131220817566,,62815664.61323553
,30649.17741710482,,,,,501,1643698.125,428.04638671875,svd_omp_dictionary_counted,353,,0.11508379888268155,0.11482194811105728,,62769515.35023067
,30496.63572762096,,,,,492,1606408.125,418.33544921875,svd_omp_dictionary_counted,341,,0.1203466033150766,0.12007711082696915,,62457109.97016773
,30489.147972619798,,,,,492,1604581.875,417.85986328125,svd_omp_dictionary_counted,340,,0.1206145251396648,0.1203363761305809,,62441775.047925346
,30331.615158946985,,,,,483,1566262.5,407.880859375,svd_omp_dictionary_counted,328,,0.12614525139664803,0.12586575746536255,,62119147.845523424
,30316.14257253626,,,,,483,1562508.75,406.9033203125,svd_omp_dictionary_counted,326,,0.12669393393577782,0.12641379237174988,,62087459.98855426
,30176.756123841773,,,,,475,1528770.0,398.1171875,svd_omp_dictionary_counted,316,,0.1316759776536313,0.13139192759990692,,61801996.54162795
,30129.644420461733,,,,,472,1517398.125,395.15576171875,svd_omp_dictionary_counted,312,,0.1333760359991182,0.13309089839458466,,61705511.77310563
,30024.340388865898,,,,,467,1492036.875,388.55126953125,svd_omp_dictionary_counted,304,,0.1372067039106145,0.13691957294940948,,61489849.11639736
,29937.450920052434,,,,,462,1471170.0,383.1171875,svd_omp_dictionary_counted,298,,0.1404105660485335,0.14011327922344208,,61311899.484267384
,29874.799443358694,,,,,458,1456156.875,379.20751953125,svd_omp_dictionary_counted,293,,0.14273743016759777,0.1424347311258316,,61183589.259998605
,29739.267424097623,,,,,451,1423773.75,370.7744140625,svd_omp_dictionary_counted,283,,0.14781611187035062,0.1475101262331009,,60906019.68455193
,29727.266157203718,,,,,450,1420912.5,370.029296875,svd_omp_dictionary_counted,282,,0.14826815642458102,0.1479617804288864,,60881441.089953214
,29581.922970782485,,,,,442,1386337.5,361.025390625,svd_omp_dictionary_counted,271,,0.15379888268156425,0.1534906029701233,,60583778.24416253
,29534.7911609419,,,,,440,1375156.875,358.11376953125,svd_omp_dictionary_counted,268,,0.1556122416094785,0.1553010195493698,,60487252.29760901
,29438.901426317316,,,,,435,1352456.25,352.2021484375,svd_omp_dictionary_counted,261,,0.15932960893854747,0.15901699662208557,,60290870.12109786
,29324.456455137686,,,,,429,1325445.0,345.16796875,svd_omp_dictionary_counted,253,,0.16381955547556137,0.16350185871124268,,60056486.82012198
,29298.222065229318,,,,,427,1319265.0,343.55859375,svd_omp_dictionary_counted,251,,0.16486033519553073,0.1645350605249405,,60002758.78958964
,29159.427700295382,,,,,420,1286649.375,335.06494140625,svd_omp_dictionary_counted,241,,0.17039106145251398,0.1700635701417923,,59718507.93020494
,29108.16783547261,,,,,418,1274636.25,331.9365234375,svd_omp_dictionary_counted,237,,0.17245974017622462,0.17212629318237305,,59613527.727047905
,29022.579400239534,,,,,414,1254616.875,326.72314453125,svd_omp_dictionary_counted,231,,0.1759217877094972,0.17559534311294556,,59438242.611690566
,28887.831050973084,,,,,407,1223197.5,318.541015625,svd_omp_dictionary_counted,221,,0.18145251396648043,0.18112146854400635,,59162277.992392875
,28885.639386984196,,,,,407,1222687.5,318.408203125,svd_omp_dictionary_counted,221,,0.18155562622124122,0.18121236562728882,,59157789.46454363
,28755.313940822612,,,,,401,1192415.625,310.52490234375,svd_omp_dictionary_counted,211,,0.1869832402234637,0.18664149940013885,,58890882.95080471
,28657.251035265293,,,,,396,1169711.25,304.6123046875,svd_omp_dictionary_counted,204,,0.19113124824904051,0.19077470898628235,,58690050.12022332
,28624.68357608062,,,,,394,1162185.0,302.65234375,svd_omp_dictionary_counted,202,,0.19251396648044694,0.1921570599079132,,58623351.96381311
,28495.73208299963,,,,,388,1132453.125,294.90966796875,svd_omp_dictionary_counted,193,,0.19804469273743017,0.19768305122852325,,58359259.305983245
,28422.67535883566,,,,,384,1115656.875,290.53564453125,svd_omp_dictionary_counted,188,,0.20121190853496337,0.20084817707538605,,58209639.13489543
,28368.677714125846,,,,,382,1103265.0,287.30859375,svd_omp_dictionary_counted,184,,0.2035754189944134,0.20320500433444977,,58099051.95852973
,28243.512143117678,,,,,375,1074615.0,279.84765625,svd_omp_dictionary_counted,176,,0.20910614525139665,0.2087293565273285,,57842712.869105004
,28182.783476116394,,,,,372,1060751.25,276.2373046875,svd_omp_dictionary_counted,172,,0.21182424384907306,0.21143889427185059,,57718340.559086375
,28119.930121144407,,,,,369,1046428.125,272.50732421875,svd_omp_dictionary_counted,168,,0.2146368715083799,0.21426083147525787,,57589616.888103746
,27998.386141339062,,,,,363,1018803.75,265.3134765625,svd_omp_dictionary_counted,160,,0.22016759776536313,0.2197791337966919,,57340694.8174624
,27937.01107765974,,,,,360,1004891.25,261.6904296875,svd_omp_dictionary_counted,157,,0.22299629584018785,0.22259630262851715,,57214998.687047146
,27878.288186072372,,,,,357,991603.125,258.22998046875,svd_omp_dictionary_counted,153,,0.22569832402234635,0.2253086119890213,,57094734.20507622
,27760.31022064845,,,,,351,964976.25,251.2958984375,svd_omp_dictionary_counted,146,,0.2312290502793296,0.23082436621189117,,56853115.33188803
,27685.53191265648,,,,,348,948146.25,246.9130859375,svd_omp_dictionary_counted,141,,0.23475758513211492,0.23436038196086884,,56699969.35712047
,27643.93801739721,,,,,346,938801.25,244.4794921875,svd_omp_dictionary_counted,139,,0.23675977653631286,0.23633980751037598,,56614785.059629485
,27528.821143193232,,,,,340,912997.5,237.759765625,svd_omp_dictionary_counted,132,,0.2422905027932961,0.241879403591156,,56379025.70125974
,27429.51493644337,,,,,335,890808.75,231.9814453125,svd_omp_dictionary_counted,126,,0.24713918932787127,0.24671830236911774,,56175646.589836024
,27415.763475125197,,,,,334,887741.25,231.1826171875,svd_omp_dictionary_counted,126,,0.2478212290502793,0.24739576876163483,,56147483.597056404
,27304.024715034495,,,,,329,862863.75,224.7041015625,svd_omp_dictionary_counted,119,,0.25335195530726257,0.2529241740703583,,55918642.616390646
,27194.285688288866,,,,,323,838513.125,218.36279296875,svd_omp_dictionary_counted,113,,0.2588826815642458,0.25843310356140137,,55693897.0896156
,27168.554240343026,,,,,322,832815.0,216.87890625,svd_omp_dictionary_counted,112,,0.26017382512801235,0.2597377300262451,,55641199.08422252
,27085.728839941392,,,,,318,814505.625,212.11083984375,svd_omp_dictionary_counted,108,,0.264413407821229,0.2639648914337158,,55471572.66419997
,26979.11787193723,,,,,313,791008.125,205.99169921875,svd_omp_dictionary_counted,102,,0.26994413407821227,0.26947855949401855,,55253233.401727445
,26903.67284208712,,,,,309,774425.625,201.67333984375,svd_omp_dictionary_counted,98,,0.2738959347800523,0.2734251916408539,,55098721.98059442
,26873.5850165194,,,,,307,767823.75,199.9541015625,svd_omp_dictionary_counted,96,,0.2754748603351955,0.2750113308429718,,55037102.11383173
,26769.85673946909,,,,,302,745111.875,194.03955078125,svd_omp_dictionary_counted,91,,0.2810055865921788,0.28053557872772217,,54824666.6024327
,26668.023964173914,,,,,297,722889.375,188.25244140625,svd_omp_dictionary_counted,86,,0.28653631284916203,0.2860415279865265,,54616113.078628175
,26634.74326444213,,,,,295,715642.5,186.365234375,svd_omp_dictionary_counted,84,,0.2883417770874043,0.2878600060939789,,54547954.205577485
,26567.225423820182,,,,,291,700965.0,182.54296875,svd_omp_dictionary_counted,81,,0.29206703910614523,0.2915797829627991,,54409677.66798373
,26468.126567848256,,,,,286,679481.25,176.9482421875,svd_omp_dictionary_counted,76,,0.2975977653631285,0.2971014082431793,,54206723.21095323
,26370.887662108456,,,,,281,658470.0,171.4765625,svd_omp_dictionary_counted,72,,0.30312849162011174,0.30260518193244934,,54007577.93199812
,26363.4079787292,,,,,281,656857.5,171.056640625,svd_omp_dictionary_counted,71,,0.30354952321832496,0.30303293466567993,,53992259.5404374
,26274.671334847022,,,,,276,637749.375,166.08056640625,svd_omp_dictionary_counted,67,,0.30865921787709494,0.30813872814178467,,53810526.8937667
,26180.38448046949,,,,,271,617510.625,160.81005859375,svd_omp_dictionary_counted,63,,0.3141899441340782,0.3136504888534546,,53617427.41600151
,26089.9553869084,,,,,267,598162.5,155.771484375,svd_omp_dictionary_counted,59,,0.3195593575680211,0.31902098655700684,,53432228.632388406
,26087.057827430657,,,,,266,597543.75,155.6103515625,svd_omp_dictionary_counted,59,,0.31972067039106145,0.3191925585269928,,53426294.430577986
,25995.826629564137,,,,,262,578090.625,150.54443359375,svd_omp_dictionary_counted,55,,0.3252513966480447,0.3247002363204956,,53239452.93734735
,25905.90729148085,,,,,257,558978.75,145.5673828125,svd_omp_dictionary_counted,52,,0.33078212290502795,0.3302147090435028,,53055298.13295278
,25817.59642882867,,,,,252,540271.875,140.69580078125,svd_omp_dictionary_counted,49,,0.33631284916201115,0.33572277426719666,,52874437.48624112
,25816.027059156342,,,,,252,539940.0,140.609375,svd_omp_dictionary_counted,49,,0.33641358394043297,0.3358207941055298,,52871223.41715219
,25730.456702223542,,,,,247,521874.375,135.90478515625,svd_omp_dictionary_counted,46,,0.3418435754189944,0.3412551283836365,,52695975.326153815
,25644.937798861694,,,,,242,503880.0,131.21875,svd_omp_dictionary_counted,43,,0.34737430167597766,0.3467763662338257,,52520832.61206875
,25560.976650365963,,,,,237,486271.875,126.63330078125,svd_omp_dictionary_counted,40,,0.35290502793296086,0.3522939682006836,,52348880.17994949
,25542.297191090856,,,,,236,482362.5,125.615234375,svd_omp_dictionary_counted,40,,0.35415673733026737,0.35353344678878784,,52310624.647354074
,25478.444015637506,,,,,232,469021.875,122.14111328125,svd_omp_dictionary_counted,38,,0.3584357541899441,0.35781019926071167,,52179853.34402561
,25397.436787942763,,,,,227,452146.875,117.74658203125,svd_omp_dictionary_counted,35,,0.36396648044692737,0.36332324147224426,,52013950.54170678
,25317.82124272759,,,,,222,435618.75,113.4423828125,svd_omp_dictionary_counted,33,,0.3694972067039106,0.36883780360221863,,51850897.905106105
,25270.566695033005,,,,,219,425835.0,110.89453125,svd_omp_dictionary_counted,31,,0.3728357016006489,0.37216562032699585,,51754120.591427594
,25239.956945769234,,,,,217,419508.75,109.2470703125,svd_omp_dictionary_counted,31,,0.3750279329608939,0.3743366599082947,,51691431.82493539
,25163.054365055646,,,,,213,403651.875,105.11767578125,svd_omp_dictionary_counted,28,,0.38055865921787707,0.3798675537109375,,51533935.339633964
,25087.727521355508,,,,,208,388173.75,101.0869140625,svd_omp_dictionary_counted,26,,0.3860893854748603,0.3853905498981476,,51379665.96373608
,25014.138042697232,,,,,203,373104.375,97.16259765625,svd_omp_dictionary_counted,25,,0.3916201117318436,0.39089491963386536,,51228954.71144393
,25002.480546967756,,,,,202,370723.125,96.54248046875,svd_omp_dictionary_counted,24,,0.3924998333673325,0.39178237318992615,,51205080.160189964
,24942.007568229605,,,,,199,358385.625,93.32958984375,svd_omp_dictionary_counted,23,,0.3971508379888268,0.3964039087295532,,51081231.49973423
,24871.22235480833,,,,,194,343993.125,89.58154296875,svd_omp_dictionary_counted,21,,0.40268156424581003,0.40192461013793945,,50936263.38264746
,24802.098153486248,,,,,190,329986.875,85.93408203125,svd_omp_dictionary_counted,20,,0.4082122905027933,0.4074273705482483,,50794697.018339835
,24740.99367817216,,,,,186,317647.5,82.720703125,svd_omp_dictionary_counted,18,,0.41320109241683073,0.4123874604701996,,50669555.05289658
,24734.296970174943,,,,,185,316297.5,82.369140625,svd_omp_dictionary_counted,18,,0.41374301675977654,0.412935733795166,,50655840.19491828
,24667.833935382303,,,,,181,302926.875,78.88720703125,svd_omp_dictionary_counted,17,,0.4192737430167598,0.4184614419937134,,50519723.89966296
,24603.15341709819,,,,,176,289961.25,75.5107421875,svd_omp_dictionary_counted,16,,0.424804469273743,0.4239439070224762,,50387258.198217094
,24539.569224267754,,,,,172,277261.875,72.20361328125,svd_omp_dictionary_counted,15,,0.43033519553072624,0.429468035697937,,50257037.77130036
,24487.38919564042,,,,,168,266876.25,69.4990234375,svd_omp_dictionary_counted,14,,0.4349941790030646,0.4340977370738983,,50150173.07267158
,24477.676891960677,,,,,168,264946.875,68.99658203125,svd_omp_dictionary_counted,14,,0.4358659217877095,0.434962660074234,,50130282.274735466
,24417.25501127318,,,,,163,252967.5,65.876953125,svd_omp_dictionary_counted,13,,0.4413966480446927,0.44045454263687134,,50006538.263087474
,24357.88114839333,,,,,159,241241.25,62.8232421875,svd_omp_dictionary_counted,12,,0.44692737430167595,0.4459821581840515,,49884940.59190954
,24300.43780066956,,,,,155,229938.75,59.8798828125,svd_omp_dictionary_counted,11,,0.4524581005586592,0.4514656960964203,,49767296.61577126
,24244.861243539675,,,,,151,219045.0,57.04296875,svd_omp_dictionary_counted,10,,0.45793667838532265,0.4569030702114105,,49653475.826769255
,24244.295823835455,,,,,151,218934.375,57.01416015625,svd_omp_dictionary_counted,10,,0.45798882681564246,0.45695820450782776,,49652317.84721501
,24189.386213333666,,,,,147,208213.125,54.22216796875,svd_omp_dictionary_counted,10,,0.4635195530726257,0.46247124671936035,,49539862.96490735
,24136.33074757573,,,,,143,197895.0,51.53515625,svd_omp_dictionary_counted,9,,0.4690502793296089,0.46794775128364563,,49431205.37103509
,24084.204697683315,,,,,140,187796.25,48.9052734375,svd_omp_dictionary_counted,8,,0.47458100558659216,0.47346267104148865,,49324451.22085543
,24033.856749925697,,,,,136,178080.0,46.375,svd_omp_dictionary_counted,8,,0.4801117318435754,0.478933721780777,,49221338.62384783
,24015.967441801196,,,,,135,174637.5,45.478515625,svd_omp_dictionary_counted,8,,0.48208921298945656,0.4809197783470154,,49184701.32080885
,23984.796593348798,,,,,132,168652.5,43.919921875,svd_omp_dictionary_counted,7,,0.4856424581005586,0.48443353176116943,,49120863.42317834
,23937.423960817137,,,,,129,159585.0,41.55859375,svd_omp_dictionary_counted,7,,0.49117318435754187,0.48989686369895935,,49023844.2717535
,23891.236385004093,,,,,125,150781.875,39.26611328125,svd_omp_dictionary_counted,6,,0.4967039106145251,0.4954022467136383,,48929252.11648838
,23846.3507577111,,,,,122,142261.875,37.04736328125,svd_omp_dictionary_counted,6,,0.5022346368715084,0.5008852481842041,,48837326.351792336
,23805.437735575506,,,,,119,134527.5,35.033203125,svd_omp_dictionary_counted,5,,0.5075156025943758,0.5060650706291199,,48753536.482458636
,23803.279108142116,,,,,119,134120.625,34.92724609375,svd_omp_dictionary_counted,5,,0.5077653631284916,0.5063453316688538,,48749115.613475055
,23761.568307221358,,,,,116,126270.0,32.8828125,svd_omp_dictionary_counted,5,,0.5132960893854749,0.511789083480835,,48663691.89318934
,23721.209127207836,,,,,113,118708.125,30.91357421875,svd_omp_dictionary_counted,5,,0.518826815642458,0.5172603130340576,,48581036.29252165
,23682.417420680384,,,,,110,111470.625,29.02880859375,svd_omp_dictionary_counted,5,,0.5243575418994413,0.5226693749427795,,48501590.877553426
,23644.817696246526,,,,,107,104488.125,27.21044921875,svd_omp_dictionary_counted,4,,0.5298882681564245,0.5281913876533508,,48424586.641912885
,23615.886927967153,,,,,105,99136.875,25.81689453125,svd_omp_dictionary_counted,4,,0.5342830329671067,0.5325325727462769,,48365336.42847673
,23608.658365136907,,,,,104,97801.875,25.46923828125,svd_omp_dictionary_counted,4,,0.5354189944134078,0.5336241722106934,,48350532.33180039
,23574.390984004553,,,,,102,91494.375,23.82666015625,svd_omp_dictionary_counted,4,,0.540949720670391,0.5389980673789978,,48280352.73524132
,23540.975084401525,,,,,99,85372.5,22.232421875,svd_omp_dictionary_counted,4,,0.5464804469273743,0.5444363355636597,,48211916.97285432
,23509.391591014304,,,,,97,79612.5,20.732421875,svd_omp_dictionary_counted,4,,0.5520111731843576,0.5498070120811462,,48147233.978397295
,23478.926689156753,,,,,94,74085.0,19.29296875,svd_omp_dictionary_counted,3,,0.5575418994413408,0.5552644729614258,,48084841.85939303
,23453.413984981853,,,,,92,69474.375,18.09228515625,svd_omp_dictionary_counted,3,,0.5624622333920214,0.5599494576454163,,48032591.841242835
,23450.09903938448,,,,,92,68878.125,17.93701171875,svd_omp_dictionary_counted,3,,0.5630726256983241,0.560598611831665,,48025802.832659416
,23422.506348090352,,,,,89,63916.875,16.64501953125,svd_omp_dictionary_counted,3,,0.5686033519553072,0.5660039186477661,,47969293.00088904
,23396.527920739954,,,,,87,59270.625,15.43505859375,svd_omp_dictionary_counted,3,,0.5741340782122905,0.5713817477226257,,47916089.18167543
,23371.504420673984,,,,,85,54813.75,14.2744140625,svd_omp_dictionary_counted,3,,0.5796648044692737,0.576688826084137,,47864841.05354032
,23348.309256502274,,,,,82,50703.75,13.2041015625,svd_omp_dictionary_counted,2,,0.585195530726257,0.5819437503814697,,47817337.35731666
,23326.302306290912,,,,,80,46824.375,12.19384765625,svd_omp_dictionary_counted,2,,0.5907262569832402,0.5872808694839478,,47772267.12328379
,23320.683603325087,,,,,79,45834.375,11.93603515625,svd_omp_dictionary_counted,2,,0.5921276635633272,0.5886247754096985,,47760760.01960978
,23305.540873361544,,,,,78,43177.5,11.244140625,svd_omp_dictionary_counted,2,,0.5962569832402235,0.5924032926559448,,47729747.70864444
,23285.96303373754,,,,,75,39759.375,10.35400390625,svd_omp_dictionary_counted,2,,0.6017877094972067,0.5976635813713074,,47689652.29309448
,23268.33307930259,,,,,73,36693.75,9.5556640625,svd_omp_dictionary_counted,1,,0.6073184357541899,0.6025971174240112,,47653546.1464117
,23251.159006795322,,,,,71,33723.75,8.7822265625,svd_omp_dictionary_counted,1,,0.6128491620111731,0.6078599691390991,,47618373.64591682
,23235.123069112724,,,,,69,30961.875,8.06298828125,svd_omp_dictionary_counted,1,,0.6183798882681564,0.6130069494247437,,47585532.04554286
,23222.322274509228,,,,,67,28768.125,7.49169921875,svd_omp_dictionary_counted,1,,0.6233577103346516,0.6173796057701111,,47559316.0181949
,23220.787159447038,,,,,67,28505.625,7.42333984375,svd_omp_dictionary_counted,1,,0.6239106145251396,0.617896556854248,,47556172.102547534
,23207.197975829167,,,,,65,26188.125,6.81982421875,svd_omp_dictionary_counted,1,,0.6294413407821229,0.6231255531311035,,47528341.454498135
,23195.244946474904,,,,,63,24159.375,6.29150390625,svd_omp_dictionary_counted,1,,0.6349720670391061,0.6277469396591187,,47503861.650380604
,23183.562562216142,,,,,61,22185.0,5.77734375,svd_omp_dictionary_counted,1,,0.6405027932960894,0.6328670382499695,,47479936.12741866
,23173.242090912034,,,,,59,20448.75,5.3251953125,svd_omp_dictionary_counted,1,,0.6460335195530726,0.6375933289527893,,47458799.802187845
,23164.2106982785,,,,,57,18933.75,4.9306640625,svd_omp_dictionary_counted,1,,0.6515642458100559,0.6419041752815247,,47440303.51007437
,23156.632514106732,,,,,56,17670.0,4.6015625,svd_omp_dictionary_counted,1,,0.6562348948456137,0.6459670662879944,,47424783.38889059
,23155.206141882376,,,,,55,17430.0,4.5390625,svd_omp_dictionary_counted,1,,0.657094972067039,0.6466506123542786,,47421862.178575106
,23147.669440681635,,,,,54,16179.375,4.21337890625,svd_omp_dictionary_counted,1,,0.6626256983240223,0.6511805653572083,,47406427.01451599
,23140.503827910783,,,,,52,14992.5,3.904296875,svd_omp_dictionary_counted,1,,0.6681564245810055,0.6556053161621094,,47391751.83956128
,23133.967325881917,,,,,50,13914.375,3.62353515625,svd_omp_dictionary_counted,1,,0.6736871508379888,0.660118043422699,,47378365.083406165
,23128.01388015872,,,,,48,12937.5,3.369140625,svd_omp_dictionary_counted,1,,0.6792178770949721,0.6643298864364624,,47366172.42656506
,23122.890292275697,,,,,47,12097.5,3.150390625,svd_omp_dictionary_counted,1,,0.6847486033519553,0.6681107878684998,,47355679.31858063
,23118.293937566214,,,,,45,11347.5,2.955078125,svd_omp_dictionary_counted,1,,0.6902793296089386,0.6721242666244507,,47346265.984135605
,23117.85677206267,,,,,45,11276.25,2.9365234375,svd_omp_dictionary_counted,1,,0.6908460905726849,0.6724935173988342,,47345370.66918435
,23113.490899345074,,,,,44,10567.5,2.751953125,svd_omp_dictionary_counted,1,,0.6958100558659217,0.6765028834342957,,47336429.36185871
,23109.365837382375,,,,,42,9900.0,2.578125,svd_omp_dictionary_counted,1,,0.701340782122905,0.6804360747337341,,47327981.2349591
,23105.568756723063,,,,,40,9286.875,2.41845703125,svd_omp_dictionary_counted,1,,0.7068715083798882,0.6845226287841797,,47320204.813768834
,23102.10410788172,,,,,39,8730.0,2.2734375,svd_omp_dictionary_counted,1,,0.7124022346368715,0.6886526346206665,,47313109.212941766
,23098.874071611055,,,,,37,8212.5,2.138671875,svd_omp_dictionary_counted,1,,0.7179329608938547,0.6924741864204407,,47306494.09865944
,23095.796710778173,,,,,36,7721.25,2.0107421875,svd_omp_dictionary_counted,1,,0.723463687150838,0.6967705488204956,,47300191.6636737
,23093.661651522256,,,,,35,7381.875,1.92236328125,svd_omp_dictionary_counted,1,,0.7272827528804983,0.6998419165611267,,47295819.06231758
,23092.591988473407,,,,,34,7211.25,1.8779296875,svd_omp_dictionary_counted,1,,0.7289944134078212,0.7014557123184204,,47293628.39239354
,23089.505310105313,,,,,33,6721.875,1.75048828125,svd_omp_dictionary_counted,1,,0.7345251396648045,0.7066697478294373,,47287306.87509568
,23086.88142017806,,,,,32,6305.625,1.64208984375,svd_omp_dictionary_counted,1,,0.7400558659217877,0.7112411260604858,,47281933.148524664
,23084.3093506809,,,,,30,5898.75,1.5361328125,svd_omp_dictionary_counted,1,,0.7455865921787709,0.7159769535064697,,47276665.55019448
,23081.639936286512,,,,,29,5476.875,1.42626953125,svd_omp_dictionary_counted,1,,0.7511173184357541,0.7207238078117371,,47271198.58951478
,23079.642181467534,,,,,28,5160.0,1.34375,svd_omp_dictionary_counted,1,,0.7566480446927374,0.7243391871452332,,47267107.18764551
,23078.061998965306,,,,,27,4908.75,1.2783203125,svd_omp_dictionary_counted,1,,0.7621787709497206,0.72743821144104,,47263870.97388095
,23077.35758092286,,,,,26,4796.25,1.2490234375,svd_omp_dictionary_counted,1,,0.7656411606801803,0.7287362217903137,,47262428.32573002
,23076.970689536214,,,,,26,4734.375,1.23291015625,svd_omp_dictionary_counted,1,,0.7677094972067039,0.7295094132423401,,47261635.97217017
,23076.01372623625,,,,,24,4580.625,1.19287109375,svd_omp_dictionary_counted,1,,0.7732402234636871,0.7311631441116333,,47259676.11133184
,23075.49065726994,,,,,23,4496.25,1.1708984375,svd_omp_dictionary_counted,1,,0.7787709497206704,0.7321483492851257,,47258604.86608884
,23074.981883949702,,,,,22,4413.75,1.1494140625,svd_omp_dictionary_counted,1,,0.7843016759776535,0.7330260276794434,,47257562.89832899
,23074.73550787678,,,,,21,4372.5,1.138671875,svd_omp_dictionary_counted,1,,0.7898324022346368,0.7333335280418396,,47257058.320131645
,23074.53519924812,,,,,20,4338.75,1.1298828125,svd_omp_dictionary_counted,1,,0.79536312849162,0.7335116267204285,,47256648.08806015
,23074.37156434312,,,,,19,4310.625,1.12255859375,svd_omp_dictionary_counted,1,,0.8008938547486033,0.7336196899414062,,47256312.96377471
,23074.24057591123,,,,,18,4288.125,1.11669921875,svd_omp_dictionary_counted,1,,0.8060226708332452,0.733720064163208,,47256044.6994662
,23074.22857245285,,,,,18,4286.25,1.1162109375,svd_omp_dictionary_counted,1,,0.8064245810055866,0.7337363958358765,,47256020.11638343
,23074.11003857407,,,,,17,4265.625,1.11083984375,svd_omp_dictionary_counted,1,,0.8119553072625698,0.7337759733200073,,47255777.35899969
,23073.991958979346,,,,,16,4245.0,1.10546875,svd_omp_dictionary_counted,1,,0.8174860335195531,0.7338285446166992,,47255535.5319897
,23073.907082342903,,,,,15,4230.0,1.1015625,svd_omp_dictionary_counted,1,,0.8230167597765363,0.7338508367538452,,47255361.704638265
,23073.789763223183,,,,,14,4209.375,1.09619140625,svd_omp_dictionary_counted,1,,0.8285474860335196,0.7338848114013672,,47255121.43508108
,23073.715093401825,,,,,13,4196.25,1.0927734375,svd_omp_dictionary_counted,1,,0.8340782122905027,0.7339052557945251,,47254968.51128694
,23073.596056239727,,,,,13,4175.625,1.08740234375,svd_omp_dictionary_counted,1,,0.839608938547486,0.7339476943016052,,47254724.72317896
,23073.520989381992,,,,,12,4162.5,1.083984375,svd_omp_dictionary_counted,1,,0.8451396648044692,0.7339691519737244,,47254570.98625432
,23073.499463107866,,,,,11,4158.75,1.0830078125,svd_omp_dictionary_counted,1,,0.8485339859732748,0.733974277973175,,47254526.90044491
,23073.42390336327,,,,,11,4145.625,1.07958984375,svd_omp_dictionary_counted,1,,0.8506703910614525,0.7340009212493896,,47254372.154087976
,23073.326755120215,,,,,10,4128.75,1.0751953125,svd_omp_dictionary_counted,1,,0.8562011173184357,0.734031617641449,,47254173.1944862
,23073.283305846813,,,,,10,4121.25,1.0732421875,svd_omp_dictionary_counted,1,,0.861731843575419,0.7340468168258667,,47254084.21037427
,23073.142095708266,,,,,9,4096.875,1.06689453125,svd_omp_dictionary_counted,1,,0.8672625698324022,0.7340947389602661,,47253795.01201053
,23073.120220776033,,,,,9,4093.125,1.06591796875,svd_omp_dictionary_counted,1,,0.8727932960893854,0.734100878238678,,47253750.212149315
,23072.955092792017,,,,,9,4065.0,1.05859375,svd_omp_dictionary_counted,1,,0.8783240223463686,0.7341684699058533,,47253412.03003805
,23072.933133962306,,,,,8,4061.25,1.0576171875,svd_omp_dictionary_counted,1,,0.8838547486033519,0.7341746687889099,,47253367.0583548
,23072.867005780732,,,,,8,4050.0,1.0546875,svd_omp_dictionary_counted,1,,0.8893854748603351,0.7342008352279663,,47253231.62783894
,23072.74567579113,,,,,7,4029.375,1.04931640625,svd_omp_dictionary_counted,1,,0.8932874364530782,0.7342456579208374,,47252983.14402024
,23072.712326730198,,,,,7,4023.75,1.0478515625,svd_omp_dictionary_counted,1,,0.9004469273743017,0.7342591285705566,,47252914.845143445
,23072.556588265255,,,,,6,3997.5,1.041015625,svd_omp_dictionary_counted,1,,0.9059776536312849,0.73431795835495,,47252595.89276724
,23072.432974364772,,,,,6,3976.875,1.03564453125,svd_omp_dictionary_counted,1,,0.9170391061452514,0.7343651652336121,,47252342.73149905
,23072.36561915946,,,,,5,3965.625,1.03271484375,svd_omp_dictionary_counted,1,,0.9225698324022346,0.7343923449516296,,47252204.788038574
,23072.342750596632,,,,,5,3961.875,1.03173828125,svd_omp_dictionary_counted,1,,0.9281005586592178,0.7343994975090027,,47252157.9532219
,23072.172422222124,,,,,4,3933.75,1.0244140625,svd_omp_dictionary_counted,1,,0.9336312849162011,0.7344715595245361,,47251809.12071091
,23072.160705308997,,,,,4,3931.875,1.02392578125,svd_omp_dictionary_counted,1,,0.9404012771623335,0.7344743013381958,,47251785.12447283
,23072.080111943975,,,,,4,3918.75,1.0205078125,svd_omp_dictionary_counted,1,,0.9446927374301676,0.734510064125061,,47251620.06926126
,23071.976491903235,,,,,3,3901.875,1.01611328125,svd_omp_dictionary_counted,1,,0.9502234636871508,0.7345558404922485,,47251407.855417825
,23071.847319313598,,,,,3,3881.25,1.0107421875,svd_omp_dictionary_counted,1,,0.9612849162011172,0.7346150875091553,,47251143.30995425
,23071.777017834844,,,,,2,3870.0,1.0078125,svd_omp_dictionary_counted,1,,0.9668156424581005,0.7346469759941101,,47250999.33252576
,23071.62097287587,,,,,2,3845.625,1.00146484375,svd_omp_dictionary_counted,1,,0.977877094972067,0.7347195148468018,,47250679.75244978
,23071.58496250072,,,,,1,3840.0,1.0,svd_omp_dictionary_counted,1,,0.9834078212290502,0.7347357869148254,,47250606.00320148
,23046.0,,,,,0,0.0,0.0,svd_omp_dictionary_counted,0,,1.0,1.0,,47198208.0
1651505,14224.359708563788,147455,"[768, 768]",1504050,"[768, 3072]",,,,swd_dsf,,0.02249881411778387,,0.022498812526464462,0.3,29131488.68313864
1179646,10588.603182411178,147455,"[768, 768]",1032191,"[768, 3072]",,,,swd_dsf,,0.05765889969348094,,0.05765889585018158,0.5,21685459.317578092
825751,7681.837317143486,147455,"[768, 768]",678296,"[768, 3072]",,,,swd_dsf,,0.10486601423289134,,0.10486601293087006,0.65,15732402.82550986
589822,5643.657300730867,147455,"[768, 768]",442367,"[768, 3072]",,,,swd_dsf,,0.1550132022222691,,0.15501318871974945,0.75,11558210.151896816
424671,4152.873704742566,147455,"[768, 768]",277216,"[768, 3072]",,,,swd_dsf,,0.20717382020509667,,0.20717380940914154,0.82,8505085.347312775
306706,3040.491409674606,147455,"[768, 768]",159251,"[768, 3072]",,,,swd_dsf,,0.2620242314544608,,0.2620242238044739,0.87,6226926.407013593
235927,2342.5918409959177,147455,"[768, 768]",88472,"[768, 3072]",,,,swd_dsf,,0.31203683862471276,,0.3120368421077728,0.9,4797628.090359639
